Sample	R1	R2	Community	Qubit_ug_ml	Com_Id	Media	Temp	Evo_status	Stress	Diversity	group	genotype
D11	/hdd0/susbus/nf_core/data/hebe_16S/00.RawData/D11/D11_R1.fastq.gz	/hdd0/susbus/nf_core/data/hebe_16S/00.RawData/D11/D11_R2.fastq.gz	D11	50	D11	NA	NA	Non_evo	NA	One	One	Non_evo
D14	/hdd0/susbus/nf_core/data/hebe_16S/00.RawData/D14/D14_R1.fastq.gz	/hdd0/susbus/nf_core/data/hebe_16S/00.RawData/D14/D14_R2.fastq.gz	D14	19.4	D14	NA	NA	Non_evo	NA	One	One	Non_evo
D17	/hdd0/susbus/nf_core/data/hebe_16S/00.RawData/D17/D17_R1.fastq.gz	/hdd0/susbus/nf_core/data/hebe_16S/00.RawData/D17/D17_R2.fastq.gz	D17	9..22	D17	NA	NA	Non_evo	NA	One	One	Non_evo
I11	/hdd0/susbus/nf_core/data/hebe_16S/00.RawData/I11/I11_R1.fastq.gz	/hdd0/susbus/nf_core/data/hebe_16S/00.RawData/I11/I11_R2.fastq.gz	I11	30.4	I11	NA	NA	Non_evo	NA	One	One	Non_evo
I15	/hdd0/susbus/nf_core/data/hebe_16S/00.RawData/I15/I15_R1.fastq.gz	/hdd0/susbus/nf_core/data/hebe_16S/00.RawData/I15/I15_R2.fastq.gz	I15	37	I15	NA	NA	Non_evo	NA	One	One	Non_evo
I18	/hdd0/susbus/nf_core/data/hebe_16S/00.RawData/I18/I18_R1.fastq.gz	/hdd0/susbus/nf_core/data/hebe_16S/00.RawData/I18/I18_R2.fastq.gz	I18	11.2	I18	NA	NA	Non_evo	NA	One	One	Non_evo
I2	/hdd0/susbus/nf_core/data/hebe_16S/00.RawData/I2/I2_R1.fastq.gz	/hdd0/susbus/nf_core/data/hebe_16S/00.RawData/I2/I2_R2.fastq.gz	I2	28	I2	NA	NA	Non_evo	NA	One	One	Non_evo
I20	/hdd0/susbus/nf_core/data/hebe_16S/00.RawData/I20/I20_R1.fastq.gz	/hdd0/susbus/nf_core/data/hebe_16S/00.RawData/I20/I20_R2.fastq.gz	I20	19.1	I20	NA	NA	Non_evo	NA	One	One	Non_evo
I22	/hdd0/susbus/nf_core/data/hebe_16S/00.RawData/I22/I22_R1.fastq.gz	/hdd0/susbus/nf_core/data/hebe_16S/00.RawData/I22/I22_R2.fastq.gz	I22	14.9	I22	NA	NA	Non_evo	NA	One	One	Non_evo
I23	/hdd0/susbus/nf_core/data/hebe_16S/00.RawData/I23/I23_R1.fastq.gz	/hdd0/susbus/nf_core/data/hebe_16S/00.RawData/I23/I23_R2.fastq.gz	I23	27.8	I23	NA	NA	Non_evo	NA	One	One	Non_evo
I8	/hdd0/susbus/nf_core/data/hebe_16S/00.RawData/I8/I8_R1.fastq.gz	/hdd0/susbus/nf_core/data/hebe_16S/00.RawData/I8/I8_R2.fastq.gz	I8	17.8	I8	NA	NA	Non_evo	NA	One	One	Non_evo
I9	/hdd0/susbus/nf_core/data/hebe_16S/00.RawData/I9/I9_R1.fastq.gz	/hdd0/susbus/nf_core/data/hebe_16S/00.RawData/I9/I9_R2.fastq.gz	I9	19.7	I9	NA	NA	Non_evo	NA	One	One	Non_evo
M1.20.C1	/hdd0/susbus/nf_core/data/hebe_16S/00.RawData/M1.20.C1/M1.20.C1_R1.fastq.gz	/hdd0/susbus/nf_core/data/hebe_16S/00.RawData/M1.20.C1/M1.20.C1_R2.fastq.gz	1	40	Com1	M1	20	NA	Control	Two	Two	NA
M1.20.C10	/hdd0/susbus/nf_core/data/hebe_16S/00.RawData/M1.20.C10/M1.20.C10_R1.fastq.gz	/hdd0/susbus/nf_core/data/hebe_16S/00.RawData/M1.20.C10/M1.20.C10_R2.fastq.gz	40	39.8	Com10	M1	20	NA	Control	Four	Four	NA
M1.20.C11	/hdd0/susbus/nf_core/data/hebe_16S/00.RawData/M1.20.C11/M1.20.C11_R1.fastq.gz	/hdd0/susbus/nf_core/data/hebe_16S/00.RawData/M1.20.C11/M1.20.C11_R2.fastq.gz	44	28.6	Com11	M1	20	NA	Control	Four	Four	NA
M1.20.C12	/hdd0/susbus/nf_core/data/hebe_16S/00.RawData/M1.20.C12/M1.20.C12_R1.fastq.gz	/hdd0/susbus/nf_core/data/hebe_16S/00.RawData/M1.20.C12/M1.20.C12_R2.fastq.gz	48	35.6	Com12	M1	20	NA	Control	Four	Four	NA
M1.20.C13	/hdd0/susbus/nf_core/data/hebe_16S/00.RawData/M1.20.C13/M1.20.C13_R1.fastq.gz	/hdd0/susbus/nf_core/data/hebe_16S/00.RawData/M1.20.C13/M1.20.C13_R2.fastq.gz	105	15.9	Com13	M1	20	Non_evo	Control	Eight	Eight	Non_evo
M1.20.C14	/hdd0/susbus/nf_core/data/hebe_16S/00.RawData/M1.20.C14/M1.20.C14_R1.fastq.gz	/hdd0/susbus/nf_core/data/hebe_16S/00.RawData/M1.20.C14/M1.20.C14_R2.fastq.gz	108	25.4	Com14	M1	20	Non_evo	Control	Eight	Eight	Non_evo
M1.20.C15	/hdd0/susbus/nf_core/data/hebe_16S/00.RawData/M1.20.C15/M1.20.C15_R1.fastq.gz	/hdd0/susbus/nf_core/data/hebe_16S/00.RawData/M1.20.C15/M1.20.C15_R2.fastq.gz	111	22.6	Com15	M1	20	Non_evo	Control	Eight	Eight	Non_evo
M1.20.C16	/hdd0/susbus/nf_core/data/hebe_16S/00.RawData/M1.20.C16/M1.20.C16_R1.fastq.gz	/hdd0/susbus/nf_core/data/hebe_16S/00.RawData/M1.20.C16/M1.20.C16_R2.fastq.gz	115	39.6	Com16	M1	20	Non_evo	Control	Eight	Eight	Non_evo
M1.20.C17	/hdd0/susbus/nf_core/data/hebe_16S/00.RawData/M1.20.C17/M1.20.C17_R1.fastq.gz	/hdd0/susbus/nf_core/data/hebe_16S/00.RawData/M1.20.C17/M1.20.C17_R2.fastq.gz	118	31.8	Com17	M1	20	Non_evo	Control	Eight	Eight	Non_evo
M1.20.C18	/hdd0/susbus/nf_core/data/hebe_16S/00.RawData/M1.20.C18/M1.20.C18_R1.fastq.gz	/hdd0/susbus/nf_core/data/hebe_16S/00.RawData/M1.20.C18/M1.20.C18_R2.fastq.gz	121	19	Com18	M1	20	Non_evo	Control	Eight	Eight	Non_evo
M1.20.C19	/hdd0/susbus/nf_core/data/hebe_16S/00.RawData/M1.20.C19/M1.20.C19_R1.fastq.gz	/hdd0/susbus/nf_core/data/hebe_16S/00.RawData/M1.20.C19/M1.20.C19_R2.fastq.gz	125	35.6	Com19	M1	20	Non_evo	Control	Eight	Eight	Non_evo
M1.20.C2	/hdd0/susbus/nf_core/data/hebe_16S/00.RawData/M1.20.C2/M1.20.C2_R1.fastq.gz	/hdd0/susbus/nf_core/data/hebe_16S/00.RawData/M1.20.C2/M1.20.C2_R2.fastq.gz	5	33.6	Com2	M1	20	NA	Control	Two	Two	NA
M1.20.C20	/hdd0/susbus/nf_core/data/hebe_16S/00.RawData/M1.20.C20/M1.20.C20_R1.fastq.gz	/hdd0/susbus/nf_core/data/hebe_16S/00.RawData/M1.20.C20/M1.20.C20_R2.fastq.gz	128	35.2	Com20	M1	20	Non_evo	Control	Eight	Eight	Non_evo
M1.20.C21	/hdd0/susbus/nf_core/data/hebe_16S/00.RawData/M1.20.C21/M1.20.C21_R1.fastq.gz	/hdd0/susbus/nf_core/data/hebe_16S/00.RawData/M1.20.C21/M1.20.C21_R2.fastq.gz	131	37.8	Com21	M1	20	Non_evo	Control	Eight	Eight	Non_evo
M1.20.C22	/hdd0/susbus/nf_core/data/hebe_16S/00.RawData/M1.20.C22/M1.20.C22_R1.fastq.gz	/hdd0/susbus/nf_core/data/hebe_16S/00.RawData/M1.20.C22/M1.20.C22_R2.fastq.gz	135	38.8	Com22	M1	20	Non_evo	Control	Eight	Eight	Non_evo
M1.20.C3	/hdd0/susbus/nf_core/data/hebe_16S/00.RawData/M1.20.C3/M1.20.C3_R1.fastq.gz	/hdd0/susbus/nf_core/data/hebe_16S/00.RawData/M1.20.C3/M1.20.C3_R2.fastq.gz	9	8.56	Com3	M1	20	NA	Control	Two	Two	NA
M1.20.C4	/hdd0/susbus/nf_core/data/hebe_16S/00.RawData/M1.20.C4/M1.20.C4_R1.fastq.gz	/hdd0/susbus/nf_core/data/hebe_16S/00.RawData/M1.20.C4/M1.20.C4_R2.fastq.gz	14	57	Com4	M1	20	NA	Control	Two	Two	NA
M1.20.C5	/hdd0/susbus/nf_core/data/hebe_16S/00.RawData/M1.20.C5/M1.20.C5_R1.fastq.gz	/hdd0/susbus/nf_core/data/hebe_16S/00.RawData/M1.20.C5/M1.20.C5_R2.fastq.gz	18	44	Com5	M1	20	NA	Control	Two	Two	NA
M1.20.C6	/hdd0/susbus/nf_core/data/hebe_16S/00.RawData/M1.20.C6/M1.20.C6_R1.fastq.gz	/hdd0/susbus/nf_core/data/hebe_16S/00.RawData/M1.20.C6/M1.20.C6_R2.fastq.gz	22	40.4	Com6	M1	20	NA	Control	Two	Two	NA
M1.20.C7	/hdd0/susbus/nf_core/data/hebe_16S/00.RawData/M1.20.C7/M1.20.C7_R1.fastq.gz	/hdd0/susbus/nf_core/data/hebe_16S/00.RawData/M1.20.C7/M1.20.C7_R2.fastq.gz	27	22.4	Com7	M1	20	NA	Control	Four	Four	NA
M1.20.C8	/hdd0/susbus/nf_core/data/hebe_16S/00.RawData/M1.20.C8/M1.20.C8_R1.fastq.gz	/hdd0/susbus/nf_core/data/hebe_16S/00.RawData/M1.20.C8/M1.20.C8_R2.fastq.gz	31	23.8	Com8	M1	20	NA	Control	Four	Four	NA
M1.20.C9	/hdd0/susbus/nf_core/data/hebe_16S/00.RawData/M1.20.C9/M1.20.C9_R1.fastq.gz	/hdd0/susbus/nf_core/data/hebe_16S/00.RawData/M1.20.C9/M1.20.C9_R2.fastq.gz	35	27	Com9	M1	20	NA	Control	Four	Four	NA
M1.20.E.C13	/hdd0/susbus/nf_core/data/hebe_16S/00.RawData/M1.20.E.C13/M1.20.E.C13_R1.fastq.gz	/hdd0/susbus/nf_core/data/hebe_16S/00.RawData/M1.20.E.C13/M1.20.E.C13_R2.fastq.gz	138	22	Com13	M1	20	Evo	Control	Eight	Eight	Evo
M1.20.E.C14	/hdd0/susbus/nf_core/data/hebe_16S/00.RawData/M1.20.E.C14/M1.20.E.C14_R1.fastq.gz	/hdd0/susbus/nf_core/data/hebe_16S/00.RawData/M1.20.E.C14/M1.20.E.C14_R2.fastq.gz	141	41.8	Com14	M1	20	Evo	Control	Eight	Eight	Evo
M1.20.E.C15	/hdd0/susbus/nf_core/data/hebe_16S/00.RawData/M1.20.E.C15/M1.20.E.C15_R1.fastq.gz	/hdd0/susbus/nf_core/data/hebe_16S/00.RawData/M1.20.E.C15/M1.20.E.C15_R2.fastq.gz	144	29	Com15	M1	20	Evo	Control	Eight	Eight	Evo
M1.20.E.C16	/hdd0/susbus/nf_core/data/hebe_16S/00.RawData/M1.20.E.C16/M1.20.E.C16_R1.fastq.gz	/hdd0/susbus/nf_core/data/hebe_16S/00.RawData/M1.20.E.C16/M1.20.E.C16_R2.fastq.gz	147	47.4	Com16	M1	20	Evo	Control	Eight	Eight	Evo
M1.20.E.C17	/hdd0/susbus/nf_core/data/hebe_16S/00.RawData/M1.20.E.C17/M1.20.E.C17_R1.fastq.gz	/hdd0/susbus/nf_core/data/hebe_16S/00.RawData/M1.20.E.C17/M1.20.E.C17_R2.fastq.gz	150	44.6	Com17	M1	20	Evo	Control	Eight	Eight	Evo
M1.20.E.C18	/hdd0/susbus/nf_core/data/hebe_16S/00.RawData/M1.20.E.C18/M1.20.E.C18_R1.fastq.gz	/hdd0/susbus/nf_core/data/hebe_16S/00.RawData/M1.20.E.C18/M1.20.E.C18_R2.fastq.gz	153	26.8	Com18	M1	20	Evo	Control	Eight	Eight	Evo
M1.20.E.C19	/hdd0/susbus/nf_core/data/hebe_16S/00.RawData/M1.20.E.C19/M1.20.E.C19_R1.fastq.gz	/hdd0/susbus/nf_core/data/hebe_16S/00.RawData/M1.20.E.C19/M1.20.E.C19_R2.fastq.gz	156	47.4	Com19	M1	20	Evo	Control	Eight	Eight	Evo
M1.20.E.C20	/hdd0/susbus/nf_core/data/hebe_16S/00.RawData/M1.20.E.C20/M1.20.E.C20_R1.fastq.gz	/hdd0/susbus/nf_core/data/hebe_16S/00.RawData/M1.20.E.C20/M1.20.E.C20_R2.fastq.gz	159	26.8	Com20	M1	20	Evo	Control	Eight	Eight	Evo
M1.20.E.C21	/hdd0/susbus/nf_core/data/hebe_16S/00.RawData/M1.20.E.C21/M1.20.E.C21_R1.fastq.gz	/hdd0/susbus/nf_core/data/hebe_16S/00.RawData/M1.20.E.C21/M1.20.E.C21_R2.fastq.gz	162	58.4	Com21	M1	20	Evo	Control	Eight	Eight	Evo
M1.20.E.C22	/hdd0/susbus/nf_core/data/hebe_16S/00.RawData/M1.20.E.C22/M1.20.E.C22_R1.fastq.gz	/hdd0/susbus/nf_core/data/hebe_16S/00.RawData/M1.20.E.C22/M1.20.E.C22_R2.fastq.gz	165	60	Com22	M1	20	Evo	Control	Eight	Eight	Evo
M1.20.E.I20	/hdd0/susbus/nf_core/data/hebe_16S/00.RawData/M1.20.E.I20/M1.20.E.I20_R1.fastq.gz	/hdd0/susbus/nf_core/data/hebe_16S/00.RawData/M1.20.E.I20/M1.20.E.I20_R2.fastq.gz	168	30.8	I20	M1	20	Evo	Control	One	One	Evo
M1.38.C1	/hdd0/susbus/nf_core/data/hebe_16S/00.RawData/M1.38.C1/M1.38.C1_R1.fastq.gz	/hdd0/susbus/nf_core/data/hebe_16S/00.RawData/M1.38.C1/M1.38.C1_R2.fastq.gz	53	2.12	Com1	M1	38	NA	Temp	Two	Two	NA
M1.38.C10	/hdd0/susbus/nf_core/data/hebe_16S/00.RawData/M1.38.C10/M1.38.C10_R1.fastq.gz	/hdd0/susbus/nf_core/data/hebe_16S/00.RawData/M1.38.C10/M1.38.C10_R2.fastq.gz	92	0.826	Com10	M1	38	NA	Temp	Four	Four	NA
M1.38.C11	/hdd0/susbus/nf_core/data/hebe_16S/00.RawData/M1.38.C11/M1.38.C11_R1.fastq.gz	/hdd0/susbus/nf_core/data/hebe_16S/00.RawData/M1.38.C11/M1.38.C11_R2.fastq.gz	96	30.4	Com11	M1	38	NA	Temp	Four	Four	NA
M1.38.C12	/hdd0/susbus/nf_core/data/hebe_16S/00.RawData/M1.38.C12/M1.38.C12_R1.fastq.gz	/hdd0/susbus/nf_core/data/hebe_16S/00.RawData/M1.38.C12/M1.38.C12_R2.fastq.gz	100	0.12	Com12	M1	38	NA	Temp	Four	Four	NA
M1.38.C13	/hdd0/susbus/nf_core/data/hebe_16S/00.RawData/M1.38.C13/M1.38.C13_R1.fastq.gz	/hdd0/susbus/nf_core/data/hebe_16S/00.RawData/M1.38.C13/M1.38.C13_R2.fastq.gz	172	26.8	Com13	M1	38	Non_evo	Temp	Eight	Eight	Non_evo
M1.38.C14	/hdd0/susbus/nf_core/data/hebe_16S/00.RawData/M1.38.C14/M1.38.C14_R1.fastq.gz	/hdd0/susbus/nf_core/data/hebe_16S/00.RawData/M1.38.C14/M1.38.C14_R2.fastq.gz	175	20.6	Com14	M1	38	Non_evo	Temp	Eight	Eight	Non_evo
M1.38.C15	/hdd0/susbus/nf_core/data/hebe_16S/00.RawData/M1.38.C15/M1.38.C15_R1.fastq.gz	/hdd0/susbus/nf_core/data/hebe_16S/00.RawData/M1.38.C15/M1.38.C15_R2.fastq.gz	178	17.3	Com15	M1	38	Non_evo	Temp	Eight	Eight	Non_evo
M1.38.C16	/hdd0/susbus/nf_core/data/hebe_16S/00.RawData/M1.38.C16/M1.38.C16_R1.fastq.gz	/hdd0/susbus/nf_core/data/hebe_16S/00.RawData/M1.38.C16/M1.38.C16_R2.fastq.gz	181	15.6	Com16	M1	38	Non_evo	Temp	Eight	Eight	Non_evo
M1.38.C17	/hdd0/susbus/nf_core/data/hebe_16S/00.RawData/M1.38.C17/M1.38.C17_R1.fastq.gz	/hdd0/susbus/nf_core/data/hebe_16S/00.RawData/M1.38.C17/M1.38.C17_R2.fastq.gz	184	29	Com17	M1	38	Non_evo	Temp	Eight	Eight	Non_evo
M1.38.C18	/hdd0/susbus/nf_core/data/hebe_16S/00.RawData/M1.38.C18/M1.38.C18_R1.fastq.gz	/hdd0/susbus/nf_core/data/hebe_16S/00.RawData/M1.38.C18/M1.38.C18_R2.fastq.gz	187	22.6	Com18	M1	38	Non_evo	Temp	Eight	Eight	Non_evo
M1.38.C19	/hdd0/susbus/nf_core/data/hebe_16S/00.RawData/M1.38.C19/M1.38.C19_R1.fastq.gz	/hdd0/susbus/nf_core/data/hebe_16S/00.RawData/M1.38.C19/M1.38.C19_R2.fastq.gz	190	21.8	Com19	M1	38	Non_evo	Temp	Eight	Eight	Non_evo
M1.38.C2	/hdd0/susbus/nf_core/data/hebe_16S/00.RawData/M1.38.C2/M1.38.C2_R1.fastq.gz	/hdd0/susbus/nf_core/data/hebe_16S/00.RawData/M1.38.C2/M1.38.C2_R2.fastq.gz	57	22.2	Com2	M1	38	NA	Temp	Two	Two	NA
M1.38.C20	/hdd0/susbus/nf_core/data/hebe_16S/00.RawData/M1.38.C20/M1.38.C20_R1.fastq.gz	/hdd0/susbus/nf_core/data/hebe_16S/00.RawData/M1.38.C20/M1.38.C20_R2.fastq.gz	193	26.2	Com20	M1	38	Non_evo	Temp	Eight	Eight	Non_evo
M1.38.C21	/hdd0/susbus/nf_core/data/hebe_16S/00.RawData/M1.38.C21/M1.38.C21_R1.fastq.gz	/hdd0/susbus/nf_core/data/hebe_16S/00.RawData/M1.38.C21/M1.38.C21_R2.fastq.gz	205	2.7	Com21	M1	38	Non_evo	Temp	Eight	Eight	Non_evo
M1.38.C22	/hdd0/susbus/nf_core/data/hebe_16S/00.RawData/M1.38.C22/M1.38.C22_R1.fastq.gz	/hdd0/susbus/nf_core/data/hebe_16S/00.RawData/M1.38.C22/M1.38.C22_R2.fastq.gz	208	3.46	Com22	M1	38	Non_evo	Temp	Eight	Eight	Non_evo
M1.38.C3	/hdd0/susbus/nf_core/data/hebe_16S/00.RawData/M1.38.C3/M1.38.C3_R1.fastq.gz	/hdd0/susbus/nf_core/data/hebe_16S/00.RawData/M1.38.C3/M1.38.C3_R2.fastq.gz	61	<0.5	Com3	M1	38	NA	Temp	Two	Two	NA
M1.38.C4	/hdd0/susbus/nf_core/data/hebe_16S/00.RawData/M1.38.C4/M1.38.C4_R1.fastq.gz	/hdd0/susbus/nf_core/data/hebe_16S/00.RawData/M1.38.C4/M1.38.C4_R2.fastq.gz	66	0.962	Com4	M1	38	NA	Temp	Two	Two	NA
M1.38.C5	/hdd0/susbus/nf_core/data/hebe_16S/00.RawData/M1.38.C5/M1.38.C5_R1.fastq.gz	/hdd0/susbus/nf_core/data/hebe_16S/00.RawData/M1.38.C5/M1.38.C5_R2.fastq.gz	70	9.78	Com5	M1	38	NA	Temp	Two	Two	NA
M1.38.C6	/hdd0/susbus/nf_core/data/hebe_16S/00.RawData/M1.38.C6/M1.38.C6_R1.fastq.gz	/hdd0/susbus/nf_core/data/hebe_16S/00.RawData/M1.38.C6/M1.38.C6_R2.fastq.gz	74	0.496	Com6	M1	38	NA	Temp	Two	Two	NA
M1.38.C7	/hdd0/susbus/nf_core/data/hebe_16S/00.RawData/M1.38.C7/M1.38.C7_R1.fastq.gz	/hdd0/susbus/nf_core/data/hebe_16S/00.RawData/M1.38.C7/M1.38.C7_R2.fastq.gz	79	18.1	Com7	M1	38	NA	Temp	Four	Four	NA
M1.38.C8	/hdd0/susbus/nf_core/data/hebe_16S/00.RawData/M1.38.C8/M1.38.C8_R1.fastq.gz	/hdd0/susbus/nf_core/data/hebe_16S/00.RawData/M1.38.C8/M1.38.C8_R2.fastq.gz	83	12.4	Com8	M1	38	NA	Temp	Four	Four	NA
M1.38.C9	/hdd0/susbus/nf_core/data/hebe_16S/00.RawData/M1.38.C9/M1.38.C9_R1.fastq.gz	/hdd0/susbus/nf_core/data/hebe_16S/00.RawData/M1.38.C9/M1.38.C9_R2.fastq.gz	87	11.6	Com9	M1	38	NA	Temp	Four	Four	NA
M1.38.E.C13	/hdd0/susbus/nf_core/data/hebe_16S/00.RawData/M1.38.E.C13/M1.38.E.C13_R1.fastq.gz	/hdd0/susbus/nf_core/data/hebe_16S/00.RawData/M1.38.E.C13/M1.38.E.C13_R2.fastq.gz	211	17	Com13	M1	38	Evo	Temp	Eight	Eight	Evo
M1.38.E.C14	/hdd0/susbus/nf_core/data/hebe_16S/00.RawData/M1.38.E.C14/M1.38.E.C14_R1.fastq.gz	/hdd0/susbus/nf_core/data/hebe_16S/00.RawData/M1.38.E.C14/M1.38.E.C14_R2.fastq.gz	214	20.4	Com14	M1	38	Evo	Temp	Eight	Eight	Evo
M1.38.E.C15	/hdd0/susbus/nf_core/data/hebe_16S/00.RawData/M1.38.E.C15/M1.38.E.C15_R1.fastq.gz	/hdd0/susbus/nf_core/data/hebe_16S/00.RawData/M1.38.E.C15/M1.38.E.C15_R2.fastq.gz	217	42.6	Com15	M1	38	Evo	Temp	Eight	Eight	Evo
M1.38.E.C16	/hdd0/susbus/nf_core/data/hebe_16S/00.RawData/M1.38.E.C16/M1.38.E.C16_R1.fastq.gz	/hdd0/susbus/nf_core/data/hebe_16S/00.RawData/M1.38.E.C16/M1.38.E.C16_R2.fastq.gz	220	33.4	Com16	M1	38	Evo	Temp	Eight	Eight	Evo
M1.38.E.C17	/hdd0/susbus/nf_core/data/hebe_16S/00.RawData/M1.38.E.C17/M1.38.E.C17_R1.fastq.gz	/hdd0/susbus/nf_core/data/hebe_16S/00.RawData/M1.38.E.C17/M1.38.E.C17_R2.fastq.gz	223	20.8	Com17	M1	38	Evo	Temp	Eight	Eight	Evo
M1.38.E.C18	/hdd0/susbus/nf_core/data/hebe_16S/00.RawData/M1.38.E.C18/M1.38.E.C18_R1.fastq.gz	/hdd0/susbus/nf_core/data/hebe_16S/00.RawData/M1.38.E.C18/M1.38.E.C18_R2.fastq.gz	226	23.2	Com18	M1	38	Evo	Temp	Eight	Eight	Evo
M1.38.E.C20	/hdd0/susbus/nf_core/data/hebe_16S/00.RawData/M1.38.E.C20/M1.38.E.C20_R1.fastq.gz	/hdd0/susbus/nf_core/data/hebe_16S/00.RawData/M1.38.E.C20/M1.38.E.C20_R2.fastq.gz	232	23.8	Com20	M1	38	Evo	Temp	Eight	Eight	Evo
M1.38.E.C21	/hdd0/susbus/nf_core/data/hebe_16S/00.RawData/M1.38.E.C21/M1.38.E.C21_R1.fastq.gz	/hdd0/susbus/nf_core/data/hebe_16S/00.RawData/M1.38.E.C21/M1.38.E.C21_R2.fastq.gz	235	24.6	Com21	M1	38	Evo	Temp	Eight	Eight	Evo
M1.38.E.C22	/hdd0/susbus/nf_core/data/hebe_16S/00.RawData/M1.38.E.C22/M1.38.E.C22_R1.fastq.gz	/hdd0/susbus/nf_core/data/hebe_16S/00.RawData/M1.38.E.C22/M1.38.E.C22_R2.fastq.gz	238	21.2	Com22	M1	38	Evo	Temp	Eight	Eight	Evo
M1.38.E.I20	/hdd0/susbus/nf_core/data/hebe_16S/00.RawData/M1.38.E.I20/M1.38.E.I20_R1.fastq.gz	/hdd0/susbus/nf_core/data/hebe_16S/00.RawData/M1.38.E.I20/M1.38.E.I20_R2.fastq.gz	241	44.6	I20	M1	38	Evo	Temp	One	One	Evo
M1.Blank	/hdd0/susbus/nf_core/data/hebe_16S/00.RawData/M1.Blank/M1.Blank_R1.fastq.gz	/hdd0/susbus/nf_core/data/hebe_16S/00.RawData/M1.Blank/M1.Blank_R2.fastq.gz	13	<0.5	Blank	M1	20	NA	Control	NA	NA	NA
M2.20.C1	/hdd0/susbus/nf_core/data/hebe_16S/00.RawData/M2.20.C1/M2.20.C1_R1.fastq.gz	/hdd0/susbus/nf_core/data/hebe_16S/00.RawData/M2.20.C1/M2.20.C1_R2.fastq.gz	2	31	Com1	M2	20	NA	pH	Two	Two	NA
M2.20.C10	/hdd0/susbus/nf_core/data/hebe_16S/00.RawData/M2.20.C10/M2.20.C10_R1.fastq.gz	/hdd0/susbus/nf_core/data/hebe_16S/00.RawData/M2.20.C10/M2.20.C10_R2.fastq.gz	41	46.2	Com10	M2	20	NA	pH	Four	Four	NA
M2.20.C11	/hdd0/susbus/nf_core/data/hebe_16S/00.RawData/M2.20.C11/M2.20.C11_R1.fastq.gz	/hdd0/susbus/nf_core/data/hebe_16S/00.RawData/M2.20.C11/M2.20.C11_R2.fastq.gz	45	28.4	Com11	M2	20	NA	pH	Four	Four	NA
M2.20.C12	/hdd0/susbus/nf_core/data/hebe_16S/00.RawData/M2.20.C12/M2.20.C12_R1.fastq.gz	/hdd0/susbus/nf_core/data/hebe_16S/00.RawData/M2.20.C12/M2.20.C12_R2.fastq.gz	49	36	Com12	M2	20	NA	pH	Four	Four	NA
M2.20.C13	/hdd0/susbus/nf_core/data/hebe_16S/00.RawData/M2.20.C13/M2.20.C13_R1.fastq.gz	/hdd0/susbus/nf_core/data/hebe_16S/00.RawData/M2.20.C13/M2.20.C13_R2.fastq.gz	287	24.4	Com13	M2	20	Non_evo	pH	Eight	Eight	Non_evo
M2.20.C14	/hdd0/susbus/nf_core/data/hebe_16S/00.RawData/M2.20.C14/M2.20.C14_R1.fastq.gz	/hdd0/susbus/nf_core/data/hebe_16S/00.RawData/M2.20.C14/M2.20.C14_R2.fastq.gz	289	28.8	Com14	M2	20	Non_evo	pH	Eight	Eight	Non_evo
M2.20.C15	/hdd0/susbus/nf_core/data/hebe_16S/00.RawData/M2.20.C15/M2.20.C15_R1.fastq.gz	/hdd0/susbus/nf_core/data/hebe_16S/00.RawData/M2.20.C15/M2.20.C15_R2.fastq.gz	291	30.2	Com15	M2	20	Non_evo	pH	Eight	Eight	Non_evo
M2.20.C16	/hdd0/susbus/nf_core/data/hebe_16S/00.RawData/M2.20.C16/M2.20.C16_R1.fastq.gz	/hdd0/susbus/nf_core/data/hebe_16S/00.RawData/M2.20.C16/M2.20.C16_R2.fastq.gz	293	24.2	Com16	M2	20	Non_evo	pH	Eight	Eight	Non_evo
M2.20.C17	/hdd0/susbus/nf_core/data/hebe_16S/00.RawData/M2.20.C17/M2.20.C17_R1.fastq.gz	/hdd0/susbus/nf_core/data/hebe_16S/00.RawData/M2.20.C17/M2.20.C17_R2.fastq.gz	296	26.6	Com17	M2	20	Non_evo	pH	Eight	Eight	Non_evo
M2.20.C18	/hdd0/susbus/nf_core/data/hebe_16S/00.RawData/M2.20.C18/M2.20.C18_R1.fastq.gz	/hdd0/susbus/nf_core/data/hebe_16S/00.RawData/M2.20.C18/M2.20.C18_R2.fastq.gz	298	19.8	Com18	M2	20	Non_evo	pH	Eight	Eight	Non_evo
M2.20.C19	/hdd0/susbus/nf_core/data/hebe_16S/00.RawData/M2.20.C19/M2.20.C19_R1.fastq.gz	/hdd0/susbus/nf_core/data/hebe_16S/00.RawData/M2.20.C19/M2.20.C19_R2.fastq.gz	300	22.4	Com19	M2	20	Non_evo	pH	Eight	Eight	Non_evo
M2.20.C2	/hdd0/susbus/nf_core/data/hebe_16S/00.RawData/M2.20.C2/M2.20.C2_R1.fastq.gz	/hdd0/susbus/nf_core/data/hebe_16S/00.RawData/M2.20.C2/M2.20.C2_R2.fastq.gz	6	26.4	Com2	M2	20	NA	pH	Two	Two	NA
M2.20.C20	/hdd0/susbus/nf_core/data/hebe_16S/00.RawData/M2.20.C20/M2.20.C20_R1.fastq.gz	/hdd0/susbus/nf_core/data/hebe_16S/00.RawData/M2.20.C20/M2.20.C20_R2.fastq.gz	302	21.6	Com20	M2	20	Non_evo	pH	Eight	Eight	Non_evo
M2.20.C21	/hdd0/susbus/nf_core/data/hebe_16S/00.RawData/M2.20.C21/M2.20.C21_R1.fastq.gz	/hdd0/susbus/nf_core/data/hebe_16S/00.RawData/M2.20.C21/M2.20.C21_R2.fastq.gz	304	35.6	Com21	M2	20	Non_evo	pH	Eight	Eight	Non_evo
M2.20.C22	/hdd0/susbus/nf_core/data/hebe_16S/00.RawData/M2.20.C22/M2.20.C22_R1.fastq.gz	/hdd0/susbus/nf_core/data/hebe_16S/00.RawData/M2.20.C22/M2.20.C22_R2.fastq.gz	306	25.6	Com22	M2	20	Non_evo	pH	Eight	Eight	Non_evo
M2.20.C3	/hdd0/susbus/nf_core/data/hebe_16S/00.RawData/M2.20.C3/M2.20.C3_R1.fastq.gz	/hdd0/susbus/nf_core/data/hebe_16S/00.RawData/M2.20.C3/M2.20.C3_R2.fastq.gz	10	18.5	Com3	M2	20	NA	pH	Two	Two	NA
M2.20.C4	/hdd0/susbus/nf_core/data/hebe_16S/00.RawData/M2.20.C4/M2.20.C4_R1.fastq.gz	/hdd0/susbus/nf_core/data/hebe_16S/00.RawData/M2.20.C4/M2.20.C4_R2.fastq.gz	15	25.8	Com4	M2	20	NA	pH	Two	Two	NA
M2.20.C5	/hdd0/susbus/nf_core/data/hebe_16S/00.RawData/M2.20.C5/M2.20.C5_R1.fastq.gz	/hdd0/susbus/nf_core/data/hebe_16S/00.RawData/M2.20.C5/M2.20.C5_R2.fastq.gz	19	39.4	Com5	M2	20	NA	pH	Two	Two	NA
M2.20.C6	/hdd0/susbus/nf_core/data/hebe_16S/00.RawData/M2.20.C6/M2.20.C6_R1.fastq.gz	/hdd0/susbus/nf_core/data/hebe_16S/00.RawData/M2.20.C6/M2.20.C6_R2.fastq.gz	23	21.6	Com6	M2	20	NA	pH	Two	Two	NA
M2.20.C7	/hdd0/susbus/nf_core/data/hebe_16S/00.RawData/M2.20.C7/M2.20.C7_R1.fastq.gz	/hdd0/susbus/nf_core/data/hebe_16S/00.RawData/M2.20.C7/M2.20.C7_R2.fastq.gz	28	19.2	Com7	M2	20	NA	pH	Four	Four	NA
M2.20.C8	/hdd0/susbus/nf_core/data/hebe_16S/00.RawData/M2.20.C8/M2.20.C8_R1.fastq.gz	/hdd0/susbus/nf_core/data/hebe_16S/00.RawData/M2.20.C8/M2.20.C8_R2.fastq.gz	32	21.4	Com8	M2	20	NA	pH	Four	Four	NA
M2.20.C9	/hdd0/susbus/nf_core/data/hebe_16S/00.RawData/M2.20.C9/M2.20.C9_R1.fastq.gz	/hdd0/susbus/nf_core/data/hebe_16S/00.RawData/M2.20.C9/M2.20.C9_R2.fastq.gz	36	8.84	Com9	M2	20	NA	pH	Four	Four	NA
M2.20.E.C13	/hdd0/susbus/nf_core/data/hebe_16S/00.RawData/M2.20.E.C13/M2.20.E.C13_R1.fastq.gz	/hdd0/susbus/nf_core/data/hebe_16S/00.RawData/M2.20.E.C13/M2.20.E.C13_R2.fastq.gz	288	24	Com13	M2	20	Evo	pH	Eight	Eight	Evo
M2.20.E.C14	/hdd0/susbus/nf_core/data/hebe_16S/00.RawData/M2.20.E.C14/M2.20.E.C14_R1.fastq.gz	/hdd0/susbus/nf_core/data/hebe_16S/00.RawData/M2.20.E.C14/M2.20.E.C14_R2.fastq.gz	290	23.4	Com14	M2	20	Evo	pH	Eight	Eight	Evo
M2.20.E.C15	/hdd0/susbus/nf_core/data/hebe_16S/00.RawData/M2.20.E.C15/M2.20.E.C15_R1.fastq.gz	/hdd0/susbus/nf_core/data/hebe_16S/00.RawData/M2.20.E.C15/M2.20.E.C15_R2.fastq.gz	292	23	Com15	M2	20	Evo	pH	Eight	Eight	Evo
M2.20.E.C16	/hdd0/susbus/nf_core/data/hebe_16S/00.RawData/M2.20.E.C16/M2.20.E.C16_R1.fastq.gz	/hdd0/susbus/nf_core/data/hebe_16S/00.RawData/M2.20.E.C16/M2.20.E.C16_R2.fastq.gz	294	41.6	Com16	M2	20	Evo	pH	Eight	Eight	Evo
M2.20.E.C17	/hdd0/susbus/nf_core/data/hebe_16S/00.RawData/M2.20.E.C17/M2.20.E.C17_R1.fastq.gz	/hdd0/susbus/nf_core/data/hebe_16S/00.RawData/M2.20.E.C17/M2.20.E.C17_R2.fastq.gz	297	29.6	Com17	M2	20	Evo	pH	Eight	Eight	Evo
M2.20.E.C18	/hdd0/susbus/nf_core/data/hebe_16S/00.RawData/M2.20.E.C18/M2.20.E.C18_R1.fastq.gz	/hdd0/susbus/nf_core/data/hebe_16S/00.RawData/M2.20.E.C18/M2.20.E.C18_R2.fastq.gz	299	18.4	Com18	M2	20	Evo	pH	Eight	Eight	Evo
M2.20.E.C19	/hdd0/susbus/nf_core/data/hebe_16S/00.RawData/M2.20.E.C19/M2.20.E.C19_R1.fastq.gz	/hdd0/susbus/nf_core/data/hebe_16S/00.RawData/M2.20.E.C19/M2.20.E.C19_R2.fastq.gz	301	26.8	Com19	M2	20	Evo	pH	Eight	Eight	Evo
M2.20.E.C20	/hdd0/susbus/nf_core/data/hebe_16S/00.RawData/M2.20.E.C20/M2.20.E.C20_R1.fastq.gz	/hdd0/susbus/nf_core/data/hebe_16S/00.RawData/M2.20.E.C20/M2.20.E.C20_R2.fastq.gz	303	24.8	Com20	M2	20	Evo	pH	Eight	Eight	Evo
M2.20.E.C21	/hdd0/susbus/nf_core/data/hebe_16S/00.RawData/M2.20.E.C21/M2.20.E.C21_R1.fastq.gz	/hdd0/susbus/nf_core/data/hebe_16S/00.RawData/M2.20.E.C21/M2.20.E.C21_R2.fastq.gz	305	28.2	Com21	M2	20	Evo	pH	Eight	Eight	Evo
M2.20.E.C22	/hdd0/susbus/nf_core/data/hebe_16S/00.RawData/M2.20.E.C22/M2.20.E.C22_R1.fastq.gz	/hdd0/susbus/nf_core/data/hebe_16S/00.RawData/M2.20.E.C22/M2.20.E.C22_R2.fastq.gz	307	47.6	Com22	M2	20	Evo	pH	Eight	Eight	Evo
M2.20.E.I20	/hdd0/susbus/nf_core/data/hebe_16S/00.RawData/M2.20.E.I20/M2.20.E.I20_R1.fastq.gz	/hdd0/susbus/nf_core/data/hebe_16S/00.RawData/M2.20.E.I20/M2.20.E.I20_R2.fastq.gz	308	32.2	I20	M2	20	Evo	pH	One	One	Evo
M2.38.Blank	/hdd0/susbus/nf_core/data/hebe_16S/00.RawData/M2.38.Blank/M2.38.Blank_R1.fastq.gz	/hdd0/susbus/nf_core/data/hebe_16S/00.RawData/M2.38.Blank/M2.38.Blank_R2.fastq.gz	317	14.8	Blank	M2	38	NA	pHTemp	NA	NA	NA
M2.38.C1	/hdd0/susbus/nf_core/data/hebe_16S/00.RawData/M2.38.C1/M2.38.C1_R1.fastq.gz	/hdd0/susbus/nf_core/data/hebe_16S/00.RawData/M2.38.C1/M2.38.C1_R2.fastq.gz	54	0.134	Com1	M2	38	NA	pHTemp	Two	Two	NA
M2.38.C10	/hdd0/susbus/nf_core/data/hebe_16S/00.RawData/M2.38.C10/M2.38.C10_R1.fastq.gz	/hdd0/susbus/nf_core/data/hebe_16S/00.RawData/M2.38.C10/M2.38.C10_R2.fastq.gz	93	<0.5	Com10	M2	38	NA	pHTemp	Four	Four	NA
M2.38.C11	/hdd0/susbus/nf_core/data/hebe_16S/00.RawData/M2.38.C11/M2.38.C11_R1.fastq.gz	/hdd0/susbus/nf_core/data/hebe_16S/00.RawData/M2.38.C11/M2.38.C11_R2.fastq.gz	97	22.2	Com11	M2	38	NA	pHTemp	Four	Four	NA
M2.38.C12	/hdd0/susbus/nf_core/data/hebe_16S/00.RawData/M2.38.C12/M2.38.C12_R1.fastq.gz	/hdd0/susbus/nf_core/data/hebe_16S/00.RawData/M2.38.C12/M2.38.C12_R2.fastq.gz	101	<0.5	Com12	M2	38	NA	pHTemp	Four	Four	NA
M2.38.C13	/hdd0/susbus/nf_core/data/hebe_16S/00.RawData/M2.38.C13/M2.38.C13_R1.fastq.gz	/hdd0/susbus/nf_core/data/hebe_16S/00.RawData/M2.38.C13/M2.38.C13_R2.fastq.gz	309	22	Com13	M2	38	Non_evo	pHTemp	Eight	Eight	Non_evo
M2.38.C14	/hdd0/susbus/nf_core/data/hebe_16S/00.RawData/M2.38.C14/M2.38.C14_R1.fastq.gz	/hdd0/susbus/nf_core/data/hebe_16S/00.RawData/M2.38.C14/M2.38.C14_R2.fastq.gz	311	20	Com14	M2	38	Non_evo	pHTemp	Eight	Eight	Non_evo
M2.38.C15	/hdd0/susbus/nf_core/data/hebe_16S/00.RawData/M2.38.C15/M2.38.C15_R1.fastq.gz	/hdd0/susbus/nf_core/data/hebe_16S/00.RawData/M2.38.C15/M2.38.C15_R2.fastq.gz	313	26.2	Com15	M2	38	Non_evo	pHTemp	Eight	Eight	Non_evo
M2.38.C16	/hdd0/susbus/nf_core/data/hebe_16S/00.RawData/M2.38.C16/M2.38.C16_R1.fastq.gz	/hdd0/susbus/nf_core/data/hebe_16S/00.RawData/M2.38.C16/M2.38.C16_R2.fastq.gz	315	9.18	Com16	M2	38	Non_evo	pHTemp	Eight	Eight	Non_evo
M2.38.C17	/hdd0/susbus/nf_core/data/hebe_16S/00.RawData/M2.38.C17/M2.38.C17_R1.fastq.gz	/hdd0/susbus/nf_core/data/hebe_16S/00.RawData/M2.38.C17/M2.38.C17_R2.fastq.gz	318	18	Com17	M2	38	Non_evo	pHTemp	Eight	Eight	Non_evo
M2.38.C18	/hdd0/susbus/nf_core/data/hebe_16S/00.RawData/M2.38.C18/M2.38.C18_R1.fastq.gz	/hdd0/susbus/nf_core/data/hebe_16S/00.RawData/M2.38.C18/M2.38.C18_R2.fastq.gz	320	22.2	Com18	M2	38	Non_evo	pHTemp	Eight	Eight	Non_evo
M2.38.C19	/hdd0/susbus/nf_core/data/hebe_16S/00.RawData/M2.38.C19/M2.38.C19_R1.fastq.gz	/hdd0/susbus/nf_core/data/hebe_16S/00.RawData/M2.38.C19/M2.38.C19_R2.fastq.gz	322	27.6	Com19	M2	38	Non_evo	pHTemp	Eight	Eight	Non_evo
M2.38.C2	/hdd0/susbus/nf_core/data/hebe_16S/00.RawData/M2.38.C2/M2.38.C2_R1.fastq.gz	/hdd0/susbus/nf_core/data/hebe_16S/00.RawData/M2.38.C2/M2.38.C2_R2.fastq.gz	58	28.2	Com2	M2	38	NA	pHTemp	Two	Two	NA
M2.38.C20	/hdd0/susbus/nf_core/data/hebe_16S/00.RawData/M2.38.C20/M2.38.C20_R1.fastq.gz	/hdd0/susbus/nf_core/data/hebe_16S/00.RawData/M2.38.C20/M2.38.C20_R2.fastq.gz	324	24	Com20	M2	38	Non_evo	pHTemp	Eight	Eight	Non_evo
M2.38.C21	/hdd0/susbus/nf_core/data/hebe_16S/00.RawData/M2.38.C21/M2.38.C21_R1.fastq.gz	/hdd0/susbus/nf_core/data/hebe_16S/00.RawData/M2.38.C21/M2.38.C21_R2.fastq.gz	326	12.4	Com21	M2	38	Non_evo	pHTemp	Eight	Eight	Non_evo
M2.38.C22	/hdd0/susbus/nf_core/data/hebe_16S/00.RawData/M2.38.C22/M2.38.C22_R1.fastq.gz	/hdd0/susbus/nf_core/data/hebe_16S/00.RawData/M2.38.C22/M2.38.C22_R2.fastq.gz	328	17.9	Com22	M2	38	Non_evo	pHTemp	Eight	Eight	Non_evo
M2.38.C3	/hdd0/susbus/nf_core/data/hebe_16S/00.RawData/M2.38.C3/M2.38.C3_R1.fastq.gz	/hdd0/susbus/nf_core/data/hebe_16S/00.RawData/M2.38.C3/M2.38.C3_R2.fastq.gz	62	<0.5	Com3	M2	38	NA	pHTemp	Two	Two	NA
M2.38.C4	/hdd0/susbus/nf_core/data/hebe_16S/00.RawData/M2.38.C4/M2.38.C4_R1.fastq.gz	/hdd0/susbus/nf_core/data/hebe_16S/00.RawData/M2.38.C4/M2.38.C4_R2.fastq.gz	67	<0.5	Com4	M2	38	NA	pHTemp	Two	Two	NA
M2.38.C5	/hdd0/susbus/nf_core/data/hebe_16S/00.RawData/M2.38.C5/M2.38.C5_R1.fastq.gz	/hdd0/susbus/nf_core/data/hebe_16S/00.RawData/M2.38.C5/M2.38.C5_R2.fastq.gz	71	11.1	Com5	M2	38	NA	pHTemp	Two	Two	NA
M2.38.C6	/hdd0/susbus/nf_core/data/hebe_16S/00.RawData/M2.38.C6/M2.38.C6_R1.fastq.gz	/hdd0/susbus/nf_core/data/hebe_16S/00.RawData/M2.38.C6/M2.38.C6_R2.fastq.gz	75	<0.5	Com6	M2	38	NA	pHTemp	Two	Two	NA
M2.38.C7	/hdd0/susbus/nf_core/data/hebe_16S/00.RawData/M2.38.C7/M2.38.C7_R1.fastq.gz	/hdd0/susbus/nf_core/data/hebe_16S/00.RawData/M2.38.C7/M2.38.C7_R2.fastq.gz	80	16.7	Com7	M2	38	NA	pHTemp	Four	Four	NA
M2.38.C8	/hdd0/susbus/nf_core/data/hebe_16S/00.RawData/M2.38.C8/M2.38.C8_R1.fastq.gz	/hdd0/susbus/nf_core/data/hebe_16S/00.RawData/M2.38.C8/M2.38.C8_R2.fastq.gz	84	19.9	Com8	M2	38	NA	pHTemp	Four	Four	NA
M2.38.C9	/hdd0/susbus/nf_core/data/hebe_16S/00.RawData/M2.38.C9/M2.38.C9_R1.fastq.gz	/hdd0/susbus/nf_core/data/hebe_16S/00.RawData/M2.38.C9/M2.38.C9_R2.fastq.gz	88	0.498	Com9	M2	38	NA	pHTemp	Four	Four	NA
M2.38.E.C13	/hdd0/susbus/nf_core/data/hebe_16S/00.RawData/M2.38.E.C13/M2.38.E.C13_R1.fastq.gz	/hdd0/susbus/nf_core/data/hebe_16S/00.RawData/M2.38.E.C13/M2.38.E.C13_R2.fastq.gz	310	26.4	Com13	M2	38	Evo	pHTemp	Eight	Eight	Evo
M2.38.E.C14	/hdd0/susbus/nf_core/data/hebe_16S/00.RawData/M2.38.E.C14/M2.38.E.C14_R1.fastq.gz	/hdd0/susbus/nf_core/data/hebe_16S/00.RawData/M2.38.E.C14/M2.38.E.C14_R2.fastq.gz	312	26.4	Com14	M2	38	Evo	pHTemp	Eight	Eight	Evo
M2.38.E.C15	/hdd0/susbus/nf_core/data/hebe_16S/00.RawData/M2.38.E.C15/M2.38.E.C15_R1.fastq.gz	/hdd0/susbus/nf_core/data/hebe_16S/00.RawData/M2.38.E.C15/M2.38.E.C15_R2.fastq.gz	314	22.2	Com15	M2	38	Evo	pHTemp	Eight	Eight	Evo
M2.38.E.C16	/hdd0/susbus/nf_core/data/hebe_16S/00.RawData/M2.38.E.C16/M2.38.E.C16_R1.fastq.gz	/hdd0/susbus/nf_core/data/hebe_16S/00.RawData/M2.38.E.C16/M2.38.E.C16_R2.fastq.gz	316	18.2	Com16	M2	38	Evo	pHTemp	Eight	Eight	Evo
M2.38.E.C17	/hdd0/susbus/nf_core/data/hebe_16S/00.RawData/M2.38.E.C17/M2.38.E.C17_R1.fastq.gz	/hdd0/susbus/nf_core/data/hebe_16S/00.RawData/M2.38.E.C17/M2.38.E.C17_R2.fastq.gz	319	22.6	Com17	M2	38	Evo	pHTemp	Eight	Eight	Evo
M2.38.E.C18	/hdd0/susbus/nf_core/data/hebe_16S/00.RawData/M2.38.E.C18/M2.38.E.C18_R1.fastq.gz	/hdd0/susbus/nf_core/data/hebe_16S/00.RawData/M2.38.E.C18/M2.38.E.C18_R2.fastq.gz	321	<0.5	Com18	M2	38	Evo	pHTemp	Eight	Eight	Evo
M2.38.E.C19	/hdd0/susbus/nf_core/data/hebe_16S/00.RawData/M2.38.E.C19/M2.38.E.C19_R1.fastq.gz	/hdd0/susbus/nf_core/data/hebe_16S/00.RawData/M2.38.E.C19/M2.38.E.C19_R2.fastq.gz	323	27.6	Com19	M2	38	Evo	pHTemp	Eight	Eight	Evo
M2.38.E.C20	/hdd0/susbus/nf_core/data/hebe_16S/00.RawData/M2.38.E.C20/M2.38.E.C20_R1.fastq.gz	/hdd0/susbus/nf_core/data/hebe_16S/00.RawData/M2.38.E.C20/M2.38.E.C20_R2.fastq.gz	325	22.2	Com20	M2	38	Evo	pHTemp	Eight	Eight	Evo
M2.38.E.C21	/hdd0/susbus/nf_core/data/hebe_16S/00.RawData/M2.38.E.C21/M2.38.E.C21_R1.fastq.gz	/hdd0/susbus/nf_core/data/hebe_16S/00.RawData/M2.38.E.C21/M2.38.E.C21_R2.fastq.gz	327	34.8	Com21	M2	38	Evo	pHTemp	Eight	Eight	Evo
M2.38.E.C22	/hdd0/susbus/nf_core/data/hebe_16S/00.RawData/M2.38.E.C22/M2.38.E.C22_R1.fastq.gz	/hdd0/susbus/nf_core/data/hebe_16S/00.RawData/M2.38.E.C22/M2.38.E.C22_R2.fastq.gz	329	38.2	Com22	M2	38	Evo	pHTemp	Eight	Eight	Evo
M2.38.E.I20	/hdd0/susbus/nf_core/data/hebe_16S/00.RawData/M2.38.E.I20/M2.38.E.I20_R1.fastq.gz	/hdd0/susbus/nf_core/data/hebe_16S/00.RawData/M2.38.E.I20/M2.38.E.I20_R2.fastq.gz	330	21.4	I20	M2	38	Evo	pHTemp	One	One	Evo
M2.Blank	/hdd0/susbus/nf_core/data/hebe_16S/00.RawData/M2.Blank/M2.Blank_R1.fastq.gz	/hdd0/susbus/nf_core/data/hebe_16S/00.RawData/M2.Blank/M2.Blank_R2.fastq.gz	171	5.86	Blank	M2	20	NA	pH	NA	NA	NA
M3.20.C1	/hdd0/susbus/nf_core/data/hebe_16S/00.RawData/M3.20.C1/M3.20.C1_R1.fastq.gz	/hdd0/susbus/nf_core/data/hebe_16S/00.RawData/M3.20.C1/M3.20.C1_R2.fastq.gz	3	48.4	Com1	M3	20	NA	Sal	Two	Two	NA
M3.20.C10	/hdd0/susbus/nf_core/data/hebe_16S/00.RawData/M3.20.C10/M3.20.C10_R1.fastq.gz	/hdd0/susbus/nf_core/data/hebe_16S/00.RawData/M3.20.C10/M3.20.C10_R2.fastq.gz	42	30.2	Com10	M3	20	NA	Sal	Four	Four	NA
M3.20.C11	/hdd0/susbus/nf_core/data/hebe_16S/00.RawData/M3.20.C11/M3.20.C11_R1.fastq.gz	/hdd0/susbus/nf_core/data/hebe_16S/00.RawData/M3.20.C11/M3.20.C11_R2.fastq.gz	46	21.2	Com11	M3	20	NA	Sal	Four	Four	NA
M3.20.C12	/hdd0/susbus/nf_core/data/hebe_16S/00.RawData/M3.20.C12/M3.20.C12_R1.fastq.gz	/hdd0/susbus/nf_core/data/hebe_16S/00.RawData/M3.20.C12/M3.20.C12_R2.fastq.gz	50	14.9	Com12	M3	20	NA	Sal	Four	Four	NA
M3.20.C13	/hdd0/susbus/nf_core/data/hebe_16S/00.RawData/M3.20.C13/M3.20.C13_R1.fastq.gz	/hdd0/susbus/nf_core/data/hebe_16S/00.RawData/M3.20.C13/M3.20.C13_R2.fastq.gz	106	21.4	Com13	M3	20	Non_evo	Sal	Eight	Eight	Non_evo
M3.20.C14	/hdd0/susbus/nf_core/data/hebe_16S/00.RawData/M3.20.C14/M3.20.C14_R1.fastq.gz	/hdd0/susbus/nf_core/data/hebe_16S/00.RawData/M3.20.C14/M3.20.C14_R2.fastq.gz	109	27.4	Com14	M3	20	Non_evo	Sal	Eight	Eight	Non_evo
M3.20.C15	/hdd0/susbus/nf_core/data/hebe_16S/00.RawData/M3.20.C15/M3.20.C15_R1.fastq.gz	/hdd0/susbus/nf_core/data/hebe_16S/00.RawData/M3.20.C15/M3.20.C15_R2.fastq.gz	112	31.2	Com15	M3	20	Non_evo	Sal	Eight	Eight	Non_evo
M3.20.C16	/hdd0/susbus/nf_core/data/hebe_16S/00.RawData/M3.20.C16/M3.20.C16_R1.fastq.gz	/hdd0/susbus/nf_core/data/hebe_16S/00.RawData/M3.20.C16/M3.20.C16_R2.fastq.gz	116	28	Com16	M3	20	Non_evo	Sal	Eight	Eight	Non_evo
M3.20.C17	/hdd0/susbus/nf_core/data/hebe_16S/00.RawData/M3.20.C17/M3.20.C17_R1.fastq.gz	/hdd0/susbus/nf_core/data/hebe_16S/00.RawData/M3.20.C17/M3.20.C17_R2.fastq.gz	119	32.8	Com17	M3	20	Non_evo	Sal	Eight	Eight	Non_evo
M3.20.C18	/hdd0/susbus/nf_core/data/hebe_16S/00.RawData/M3.20.C18/M3.20.C18_R1.fastq.gz	/hdd0/susbus/nf_core/data/hebe_16S/00.RawData/M3.20.C18/M3.20.C18_R2.fastq.gz	122	26.4	Com18	M3	20	Non_evo	Sal	Eight	Eight	Non_evo
M3.20.C19	/hdd0/susbus/nf_core/data/hebe_16S/00.RawData/M3.20.C19/M3.20.C19_R1.fastq.gz	/hdd0/susbus/nf_core/data/hebe_16S/00.RawData/M3.20.C19/M3.20.C19_R2.fastq.gz	126	25.8	Com19	M3	20	Non_evo	Sal	Eight	Eight	Non_evo
M3.20.C2	/hdd0/susbus/nf_core/data/hebe_16S/00.RawData/M3.20.C2/M3.20.C2_R1.fastq.gz	/hdd0/susbus/nf_core/data/hebe_16S/00.RawData/M3.20.C2/M3.20.C2_R2.fastq.gz	7	24.6	Com2	M3	20	NA	Sal	Two	Two	NA
M3.20.C20	/hdd0/susbus/nf_core/data/hebe_16S/00.RawData/M3.20.C20/M3.20.C20_R1.fastq.gz	/hdd0/susbus/nf_core/data/hebe_16S/00.RawData/M3.20.C20/M3.20.C20_R2.fastq.gz	129	27.8	Com20	M3	20	Non_evo	Sal	Eight	Eight	Non_evo
M3.20.C21	/hdd0/susbus/nf_core/data/hebe_16S/00.RawData/M3.20.C21/M3.20.C21_R1.fastq.gz	/hdd0/susbus/nf_core/data/hebe_16S/00.RawData/M3.20.C21/M3.20.C21_R2.fastq.gz	132	29.8	Com21	M3	20	Non_evo	Sal	Eight	Eight	Non_evo
M3.20.C22	/hdd0/susbus/nf_core/data/hebe_16S/00.RawData/M3.20.C22/M3.20.C22_R1.fastq.gz	/hdd0/susbus/nf_core/data/hebe_16S/00.RawData/M3.20.C22/M3.20.C22_R2.fastq.gz	136	40.8	Com22	M3	20	Non_evo	Sal	Eight	Eight	Non_evo
M3.20.C3	/hdd0/susbus/nf_core/data/hebe_16S/00.RawData/M3.20.C3/M3.20.C3_R1.fastq.gz	/hdd0/susbus/nf_core/data/hebe_16S/00.RawData/M3.20.C3/M3.20.C3_R2.fastq.gz	11	32.4	Com3	M3	20	NA	Sal	Two	Two	NA
M3.20.C4	/hdd0/susbus/nf_core/data/hebe_16S/00.RawData/M3.20.C4/M3.20.C4_R1.fastq.gz	/hdd0/susbus/nf_core/data/hebe_16S/00.RawData/M3.20.C4/M3.20.C4_R2.fastq.gz	16	23.4	Com4	M3	20	NA	Sal	Two	Two	NA
M3.20.C5	/hdd0/susbus/nf_core/data/hebe_16S/00.RawData/M3.20.C5/M3.20.C5_R1.fastq.gz	/hdd0/susbus/nf_core/data/hebe_16S/00.RawData/M3.20.C5/M3.20.C5_R2.fastq.gz	20	18.5	Com5	M3	20	NA	Sal	Two	Two	NA
M3.20.C6	/hdd0/susbus/nf_core/data/hebe_16S/00.RawData/M3.20.C6/M3.20.C6_R1.fastq.gz	/hdd0/susbus/nf_core/data/hebe_16S/00.RawData/M3.20.C6/M3.20.C6_R2.fastq.gz	24	31.8	Com6	M3	20	NA	Sal	Two	Two	NA
M3.20.C7	/hdd0/susbus/nf_core/data/hebe_16S/00.RawData/M3.20.C7/M3.20.C7_R1.fastq.gz	/hdd0/susbus/nf_core/data/hebe_16S/00.RawData/M3.20.C7/M3.20.C7_R2.fastq.gz	29	34	Com7	M3	20	NA	Sal	Four	Four	NA
M3.20.C8	/hdd0/susbus/nf_core/data/hebe_16S/00.RawData/M3.20.C8/M3.20.C8_R1.fastq.gz	/hdd0/susbus/nf_core/data/hebe_16S/00.RawData/M3.20.C8/M3.20.C8_R2.fastq.gz	33	46.8	Com8	M3	20	NA	Sal	Four	Four	NA
M3.20.C9	/hdd0/susbus/nf_core/data/hebe_16S/00.RawData/M3.20.C9/M3.20.C9_R1.fastq.gz	/hdd0/susbus/nf_core/data/hebe_16S/00.RawData/M3.20.C9/M3.20.C9_R2.fastq.gz	37	15.4	Com9	M3	20	NA	Sal	Four	Four	NA
M3.20.E.C13	/hdd0/susbus/nf_core/data/hebe_16S/00.RawData/M3.20.E.C13/M3.20.E.C13_R1.fastq.gz	/hdd0/susbus/nf_core/data/hebe_16S/00.RawData/M3.20.E.C13/M3.20.E.C13_R2.fastq.gz	139	35.4	Com13	M3	20	Evo	Sal	Eight	Eight	Evo
M3.20.E.C14	/hdd0/susbus/nf_core/data/hebe_16S/00.RawData/M3.20.E.C14/M3.20.E.C14_R1.fastq.gz	/hdd0/susbus/nf_core/data/hebe_16S/00.RawData/M3.20.E.C14/M3.20.E.C14_R2.fastq.gz	142	31.2	Com14	M3	20	Evo	Sal	Eight	Eight	Evo
M3.20.E.C15	/hdd0/susbus/nf_core/data/hebe_16S/00.RawData/M3.20.E.C15/M3.20.E.C15_R1.fastq.gz	/hdd0/susbus/nf_core/data/hebe_16S/00.RawData/M3.20.E.C15/M3.20.E.C15_R2.fastq.gz	145	23	Com15	M3	20	Evo	Sal	Eight	Eight	Evo
M3.20.E.C16	/hdd0/susbus/nf_core/data/hebe_16S/00.RawData/M3.20.E.C16/M3.20.E.C16_R1.fastq.gz	/hdd0/susbus/nf_core/data/hebe_16S/00.RawData/M3.20.E.C16/M3.20.E.C16_R2.fastq.gz	148	43.6	Com16	M3	20	Evo	Sal	Eight	Eight	Evo
M3.20.E.C17	/hdd0/susbus/nf_core/data/hebe_16S/00.RawData/M3.20.E.C17/M3.20.E.C17_R1.fastq.gz	/hdd0/susbus/nf_core/data/hebe_16S/00.RawData/M3.20.E.C17/M3.20.E.C17_R2.fastq.gz	151	38.6	Com17	M3	20	Evo	Sal	Eight	Eight	Evo
M3.20.E.C18	/hdd0/susbus/nf_core/data/hebe_16S/00.RawData/M3.20.E.C18/M3.20.E.C18_R1.fastq.gz	/hdd0/susbus/nf_core/data/hebe_16S/00.RawData/M3.20.E.C18/M3.20.E.C18_R2.fastq.gz	154	27	Com18	M3	20	Evo	Sal	Eight	Eight	Evo
M3.20.E.C19	/hdd0/susbus/nf_core/data/hebe_16S/00.RawData/M3.20.E.C19/M3.20.E.C19_R1.fastq.gz	/hdd0/susbus/nf_core/data/hebe_16S/00.RawData/M3.20.E.C19/M3.20.E.C19_R2.fastq.gz	157	30.8	Com19	M3	20	Evo	Sal	Eight	Eight	Evo
M3.20.E.C20	/hdd0/susbus/nf_core/data/hebe_16S/00.RawData/M3.20.E.C20/M3.20.E.C20_R1.fastq.gz	/hdd0/susbus/nf_core/data/hebe_16S/00.RawData/M3.20.E.C20/M3.20.E.C20_R2.fastq.gz	160	40	Com20	M3	20	Evo	Sal	Eight	Eight	Evo
M3.20.E.C21	/hdd0/susbus/nf_core/data/hebe_16S/00.RawData/M3.20.E.C21/M3.20.E.C21_R1.fastq.gz	/hdd0/susbus/nf_core/data/hebe_16S/00.RawData/M3.20.E.C21/M3.20.E.C21_R2.fastq.gz	163	35.2	Com21	M3	20	Evo	Sal	Eight	Eight	Evo
M3.20.E.C22	/hdd0/susbus/nf_core/data/hebe_16S/00.RawData/M3.20.E.C22/M3.20.E.C22_R1.fastq.gz	/hdd0/susbus/nf_core/data/hebe_16S/00.RawData/M3.20.E.C22/M3.20.E.C22_R2.fastq.gz	166	28	Com22	M3	20	Evo	Sal	Eight	Eight	Evo
M3.20.E.I20	/hdd0/susbus/nf_core/data/hebe_16S/00.RawData/M3.20.E.I20/M3.20.E.I20_R1.fastq.gz	/hdd0/susbus/nf_core/data/hebe_16S/00.RawData/M3.20.E.I20/M3.20.E.I20_R2.fastq.gz	169	30.4	I20	M3	20	Evo	Sal	One	One	Evo
M3.38.C1	/hdd0/susbus/nf_core/data/hebe_16S/00.RawData/M3.38.C1/M3.38.C1_R1.fastq.gz	/hdd0/susbus/nf_core/data/hebe_16S/00.RawData/M3.38.C1/M3.38.C1_R2.fastq.gz	55	5.5	Com1	M3	38	NA	SalTemp	Two	Two	NA
M3.38.C10	/hdd0/susbus/nf_core/data/hebe_16S/00.RawData/M3.38.C10/M3.38.C10_R1.fastq.gz	/hdd0/susbus/nf_core/data/hebe_16S/00.RawData/M3.38.C10/M3.38.C10_R2.fastq.gz	94	3.42	Com10	M3	38	NA	SalTemp	Four	Four	NA
M3.38.C11	/hdd0/susbus/nf_core/data/hebe_16S/00.RawData/M3.38.C11/M3.38.C11_R1.fastq.gz	/hdd0/susbus/nf_core/data/hebe_16S/00.RawData/M3.38.C11/M3.38.C11_R2.fastq.gz	98	18.7	Com11	M3	38	NA	SalTemp	Four	Four	NA
M3.38.C12	/hdd0/susbus/nf_core/data/hebe_16S/00.RawData/M3.38.C12/M3.38.C12_R1.fastq.gz	/hdd0/susbus/nf_core/data/hebe_16S/00.RawData/M3.38.C12/M3.38.C12_R2.fastq.gz	102	3.96	Com12	M3	38	NA	SalTemp	Four	Four	NA
M3.38.C13	/hdd0/susbus/nf_core/data/hebe_16S/00.RawData/M3.38.C13/M3.38.C13_R1.fastq.gz	/hdd0/susbus/nf_core/data/hebe_16S/00.RawData/M3.38.C13/M3.38.C13_R2.fastq.gz	173	30	Com13	M3	38	Non_evo	SalTemp	Eight	Eight	Non_evo
M3.38.C14	/hdd0/susbus/nf_core/data/hebe_16S/00.RawData/M3.38.C14/M3.38.C14_R1.fastq.gz	/hdd0/susbus/nf_core/data/hebe_16S/00.RawData/M3.38.C14/M3.38.C14_R2.fastq.gz	176	19.9	Com14	M3	38	Non_evo	SalTemp	Eight	Eight	Non_evo
M3.38.C15	/hdd0/susbus/nf_core/data/hebe_16S/00.RawData/M3.38.C15/M3.38.C15_R1.fastq.gz	/hdd0/susbus/nf_core/data/hebe_16S/00.RawData/M3.38.C15/M3.38.C15_R2.fastq.gz	179	13.8	Com15	M3	38	Non_evo	SalTemp	Eight	Eight	Non_evo
M3.38.C16	/hdd0/susbus/nf_core/data/hebe_16S/00.RawData/M3.38.C16/M3.38.C16_R1.fastq.gz	/hdd0/susbus/nf_core/data/hebe_16S/00.RawData/M3.38.C16/M3.38.C16_R2.fastq.gz	182	4.9	Com16	M3	38	Non_evo	SalTemp	Eight	Eight	Non_evo
M3.38.C17	/hdd0/susbus/nf_core/data/hebe_16S/00.RawData/M3.38.C17/M3.38.C17_R1.fastq.gz	/hdd0/susbus/nf_core/data/hebe_16S/00.RawData/M3.38.C17/M3.38.C17_R2.fastq.gz	185	36.4	Com17	M3	38	Non_evo	SalTemp	Eight	Eight	Non_evo
M3.38.C18	/hdd0/susbus/nf_core/data/hebe_16S/00.RawData/M3.38.C18/M3.38.C18_R1.fastq.gz	/hdd0/susbus/nf_core/data/hebe_16S/00.RawData/M3.38.C18/M3.38.C18_R2.fastq.gz	188	19.7	Com18	M3	38	Non_evo	SalTemp	Eight	Eight	Non_evo
M3.38.C19	/hdd0/susbus/nf_core/data/hebe_16S/00.RawData/M3.38.C19/M3.38.C19_R1.fastq.gz	/hdd0/susbus/nf_core/data/hebe_16S/00.RawData/M3.38.C19/M3.38.C19_R2.fastq.gz	191	13	Com19	M3	38	Non_evo	SalTemp	Eight	Eight	Non_evo
M3.38.C2	/hdd0/susbus/nf_core/data/hebe_16S/00.RawData/M3.38.C2/M3.38.C2_R1.fastq.gz	/hdd0/susbus/nf_core/data/hebe_16S/00.RawData/M3.38.C2/M3.38.C2_R2.fastq.gz	59	27.8	Com2	M3	38	NA	SalTemp	Two	Two	NA
M3.38.C20	/hdd0/susbus/nf_core/data/hebe_16S/00.RawData/M3.38.C20/M3.38.C20_R1.fastq.gz	/hdd0/susbus/nf_core/data/hebe_16S/00.RawData/M3.38.C20/M3.38.C20_R2.fastq.gz	194	25.6	Com20	M3	38	Non_evo	SalTemp	Eight	Eight	Non_evo
M3.38.C21	/hdd0/susbus/nf_core/data/hebe_16S/00.RawData/M3.38.C21/M3.38.C21_R1.fastq.gz	/hdd0/susbus/nf_core/data/hebe_16S/00.RawData/M3.38.C21/M3.38.C21_R2.fastq.gz	206	4.34	Com21	M3	38	Non_evo	SalTemp	Eight	Eight	Non_evo
M3.38.C22	/hdd0/susbus/nf_core/data/hebe_16S/00.RawData/M3.38.C22/M3.38.C22_R1.fastq.gz	/hdd0/susbus/nf_core/data/hebe_16S/00.RawData/M3.38.C22/M3.38.C22_R2.fastq.gz	209	4.76	Com22	M3	38	Non_evo	SalTemp	Eight	Eight	Non_evo
M3.38.C3	/hdd0/susbus/nf_core/data/hebe_16S/00.RawData/M3.38.C3/M3.38.C3_R1.fastq.gz	/hdd0/susbus/nf_core/data/hebe_16S/00.RawData/M3.38.C3/M3.38.C3_R2.fastq.gz	63	6.8	Com3	M3	38	NA	SalTemp	Two	Two	NA
M3.38.C4	/hdd0/susbus/nf_core/data/hebe_16S/00.RawData/M3.38.C4/M3.38.C4_R1.fastq.gz	/hdd0/susbus/nf_core/data/hebe_16S/00.RawData/M3.38.C4/M3.38.C4_R2.fastq.gz	68	1.25	Com4	M3	38	NA	SalTemp	Two	Two	NA
M3.38.C5	/hdd0/susbus/nf_core/data/hebe_16S/00.RawData/M3.38.C5/M3.38.C5_R1.fastq.gz	/hdd0/susbus/nf_core/data/hebe_16S/00.RawData/M3.38.C5/M3.38.C5_R2.fastq.gz	72	10.4	Com5	M3	38	NA	SalTemp	Two	Two	NA
M3.38.C6	/hdd0/susbus/nf_core/data/hebe_16S/00.RawData/M3.38.C6/M3.38.C6_R1.fastq.gz	/hdd0/susbus/nf_core/data/hebe_16S/00.RawData/M3.38.C6/M3.38.C6_R2.fastq.gz	76	<0.5	Com6	M3	38	NA	SalTemp	Two	Two	NA
M3.38.C7	/hdd0/susbus/nf_core/data/hebe_16S/00.RawData/M3.38.C7/M3.38.C7_R1.fastq.gz	/hdd0/susbus/nf_core/data/hebe_16S/00.RawData/M3.38.C7/M3.38.C7_R2.fastq.gz	81	11.8	Com7	M3	38	NA	SalTemp	Four	Four	NA
M3.38.C8	/hdd0/susbus/nf_core/data/hebe_16S/00.RawData/M3.38.C8/M3.38.C8_R1.fastq.gz	/hdd0/susbus/nf_core/data/hebe_16S/00.RawData/M3.38.C8/M3.38.C8_R2.fastq.gz	85	18.6	Com8	M3	38	NA	SalTemp	Four	Four	NA
M3.38.C9	/hdd0/susbus/nf_core/data/hebe_16S/00.RawData/M3.38.C9/M3.38.C9_R1.fastq.gz	/hdd0/susbus/nf_core/data/hebe_16S/00.RawData/M3.38.C9/M3.38.C9_R2.fastq.gz	89	2.56	Com9	M3	38	NA	SalTemp	Four	Four	NA
M3.38.E.C13	/hdd0/susbus/nf_core/data/hebe_16S/00.RawData/M3.38.E.C13/M3.38.E.C13_R1.fastq.gz	/hdd0/susbus/nf_core/data/hebe_16S/00.RawData/M3.38.E.C13/M3.38.E.C13_R2.fastq.gz	212	27.4	Com13	M3	38	Evo	SalTemp	Eight	Eight	Evo
M3.38.E.C14	/hdd0/susbus/nf_core/data/hebe_16S/00.RawData/M3.38.E.C14/M3.38.E.C14_R1.fastq.gz	/hdd0/susbus/nf_core/data/hebe_16S/00.RawData/M3.38.E.C14/M3.38.E.C14_R2.fastq.gz	215	23	Com14	M3	38	Evo	SalTemp	Eight	Eight	Evo
M3.38.E.C15	/hdd0/susbus/nf_core/data/hebe_16S/00.RawData/M3.38.E.C15/M3.38.E.C15_R1.fastq.gz	/hdd0/susbus/nf_core/data/hebe_16S/00.RawData/M3.38.E.C15/M3.38.E.C15_R2.fastq.gz	218	18.7	Com15	M3	38	Evo	SalTemp	Eight	Eight	Evo
M3.38.E.C16	/hdd0/susbus/nf_core/data/hebe_16S/00.RawData/M3.38.E.C16/M3.38.E.C16_R1.fastq.gz	/hdd0/susbus/nf_core/data/hebe_16S/00.RawData/M3.38.E.C16/M3.38.E.C16_R2.fastq.gz	221	3.6	Com16	M3	38	Evo	SalTemp	Eight	Eight	Evo
M3.38.E.C17	/hdd0/susbus/nf_core/data/hebe_16S/00.RawData/M3.38.E.C17/M3.38.E.C17_R1.fastq.gz	/hdd0/susbus/nf_core/data/hebe_16S/00.RawData/M3.38.E.C17/M3.38.E.C17_R2.fastq.gz	224	21.8	Com17	M3	38	Evo	SalTemp	Eight	Eight	Evo
M3.38.E.C18	/hdd0/susbus/nf_core/data/hebe_16S/00.RawData/M3.38.E.C18/M3.38.E.C18_R1.fastq.gz	/hdd0/susbus/nf_core/data/hebe_16S/00.RawData/M3.38.E.C18/M3.38.E.C18_R2.fastq.gz	227	27.2	Com18	M3	38	Evo	SalTemp	Eight	Eight	Evo
M3.38.E.C19	/hdd0/susbus/nf_core/data/hebe_16S/00.RawData/M3.38.E.C19/M3.38.E.C19_R1.fastq.gz	/hdd0/susbus/nf_core/data/hebe_16S/00.RawData/M3.38.E.C19/M3.38.E.C19_R2.fastq.gz	230	16.5	Com19	M3	38	Evo	SalTemp	Eight	Eight	Evo
M3.38.E.C20	/hdd0/susbus/nf_core/data/hebe_16S/00.RawData/M3.38.E.C20/M3.38.E.C20_R1.fastq.gz	/hdd0/susbus/nf_core/data/hebe_16S/00.RawData/M3.38.E.C20/M3.38.E.C20_R2.fastq.gz	233	15.2	Com20	M3	38	Evo	SalTemp	Eight	Eight	Evo
M3.38.E.C21	/hdd0/susbus/nf_core/data/hebe_16S/00.RawData/M3.38.E.C21/M3.38.E.C21_R1.fastq.gz	/hdd0/susbus/nf_core/data/hebe_16S/00.RawData/M3.38.E.C21/M3.38.E.C21_R2.fastq.gz	236	5.04	Com21	M3	38	Evo	SalTemp	Eight	Eight	Evo
M3.38.E.C22	/hdd0/susbus/nf_core/data/hebe_16S/00.RawData/M3.38.E.C22/M3.38.E.C22_R1.fastq.gz	/hdd0/susbus/nf_core/data/hebe_16S/00.RawData/M3.38.E.C22/M3.38.E.C22_R2.fastq.gz	239	5.2	Com22	M3	38	Evo	SalTemp	Eight	Eight	Evo
M3.38.E.I20	/hdd0/susbus/nf_core/data/hebe_16S/00.RawData/M3.38.E.I20/M3.38.E.I20_R1.fastq.gz	/hdd0/susbus/nf_core/data/hebe_16S/00.RawData/M3.38.E.I20/M3.38.E.I20_R2.fastq.gz	242	18.6	I20	M3	38	Evo	SalTemp	One	One	Evo
M3.38EC18.2	/hdd0/susbus/nf_core/data/hebe_16S/00.RawData/M3.38EC18.2/M3.38EC18.2_R1.fastq.gz	/hdd0/susbus/nf_core/data/hebe_16S/00.RawData/M3.38EC18.2/M3.38EC18.2_R2.fastq.gz	244	11.8	Com18_2	M3	38	Evo	SalTemp	NA	NA	Evo
M4.20.C1	/hdd0/susbus/nf_core/data/hebe_16S/00.RawData/M4.20.C1/M4.20.C1_R1.fastq.gz	/hdd0/susbus/nf_core/data/hebe_16S/00.RawData/M4.20.C1/M4.20.C1_R2.fastq.gz	4	39.6	Com1	M4	20	NA	pHSal	Two	Two	NA
M4.20.C10	/hdd0/susbus/nf_core/data/hebe_16S/00.RawData/M4.20.C10/M4.20.C10_R1.fastq.gz	/hdd0/susbus/nf_core/data/hebe_16S/00.RawData/M4.20.C10/M4.20.C10_R2.fastq.gz	43	24.4	Com10	M4	20	NA	pHSal	Four	Four	NA
M4.20.C11	/hdd0/susbus/nf_core/data/hebe_16S/00.RawData/M4.20.C11/M4.20.C11_R1.fastq.gz	/hdd0/susbus/nf_core/data/hebe_16S/00.RawData/M4.20.C11/M4.20.C11_R2.fastq.gz	47	18.7	Com11	M4	20	NA	pHSal	Four	Four	NA
M4.20.C13	/hdd0/susbus/nf_core/data/hebe_16S/00.RawData/M4.20.C13/M4.20.C13_R1.fastq.gz	/hdd0/susbus/nf_core/data/hebe_16S/00.RawData/M4.20.C13/M4.20.C13_R2.fastq.gz	107	18.5	Com13	M4	20	Non_evo	pHSal	Eight	Eight	Non_evo
M4.20.C14	/hdd0/susbus/nf_core/data/hebe_16S/00.RawData/M4.20.C14/M4.20.C14_R1.fastq.gz	/hdd0/susbus/nf_core/data/hebe_16S/00.RawData/M4.20.C14/M4.20.C14_R2.fastq.gz	110	17.2	Com14	M4	20	Non_evo	pHSal	Eight	Eight	Non_evo
M4.20.C15	/hdd0/susbus/nf_core/data/hebe_16S/00.RawData/M4.20.C15/M4.20.C15_R1.fastq.gz	/hdd0/susbus/nf_core/data/hebe_16S/00.RawData/M4.20.C15/M4.20.C15_R2.fastq.gz	113	26.6	Com15	M4	20	Non_evo	pHSal	Eight	Eight	Non_evo
M4.20.C16	/hdd0/susbus/nf_core/data/hebe_16S/00.RawData/M4.20.C16/M4.20.C16_R1.fastq.gz	/hdd0/susbus/nf_core/data/hebe_16S/00.RawData/M4.20.C16/M4.20.C16_R2.fastq.gz	117	21.8	Com16	M4	20	Non_evo	pHSal	Eight	Eight	Non_evo
M4.20.C17	/hdd0/susbus/nf_core/data/hebe_16S/00.RawData/M4.20.C17/M4.20.C17_R1.fastq.gz	/hdd0/susbus/nf_core/data/hebe_16S/00.RawData/M4.20.C17/M4.20.C17_R2.fastq.gz	120	19.2	Com17	M4	20	Non_evo	pHSal	Eight	Eight	Non_evo
M4.20.C18	/hdd0/susbus/nf_core/data/hebe_16S/00.RawData/M4.20.C18/M4.20.C18_R1.fastq.gz	/hdd0/susbus/nf_core/data/hebe_16S/00.RawData/M4.20.C18/M4.20.C18_R2.fastq.gz	123	21.4	Com18	M4	20	Non_evo	pHSal	Eight	Eight	Non_evo
M4.20.C19	/hdd0/susbus/nf_core/data/hebe_16S/00.RawData/M4.20.C19/M4.20.C19_R1.fastq.gz	/hdd0/susbus/nf_core/data/hebe_16S/00.RawData/M4.20.C19/M4.20.C19_R2.fastq.gz	127	30	Com19	M4	20	Non_evo	pHSal	Eight	Eight	Non_evo
M4.20.C2	/hdd0/susbus/nf_core/data/hebe_16S/00.RawData/M4.20.C2/M4.20.C2_R1.fastq.gz	/hdd0/susbus/nf_core/data/hebe_16S/00.RawData/M4.20.C2/M4.20.C2_R2.fastq.gz	8	20.4	Com2	M4	20	NA	pHSal	Two	Two	NA
M4.20.C20	/hdd0/susbus/nf_core/data/hebe_16S/00.RawData/M4.20.C20/M4.20.C20_R1.fastq.gz	/hdd0/susbus/nf_core/data/hebe_16S/00.RawData/M4.20.C20/M4.20.C20_R2.fastq.gz	130	25.8	Com20	M4	20	Non_evo	pHSal	Eight	Eight	Non_evo
M4.20.C21	/hdd0/susbus/nf_core/data/hebe_16S/00.RawData/M4.20.C21/M4.20.C21_R1.fastq.gz	/hdd0/susbus/nf_core/data/hebe_16S/00.RawData/M4.20.C21/M4.20.C21_R2.fastq.gz	133	26.8	Com21	M4	20	Non_evo	pHSal	Eight	Eight	Non_evo
M4.20.C22	/hdd0/susbus/nf_core/data/hebe_16S/00.RawData/M4.20.C22/M4.20.C22_R1.fastq.gz	/hdd0/susbus/nf_core/data/hebe_16S/00.RawData/M4.20.C22/M4.20.C22_R2.fastq.gz	137	28.6	Com22	M4	20	Non_evo	pHSal	Eight	Eight	Non_evo
M4.20.C3	/hdd0/susbus/nf_core/data/hebe_16S/00.RawData/M4.20.C3/M4.20.C3_R1.fastq.gz	/hdd0/susbus/nf_core/data/hebe_16S/00.RawData/M4.20.C3/M4.20.C3_R2.fastq.gz	12	25.4	Com3	M4	20	NA	pHSal	Two	Two	NA
M4.20.C4	/hdd0/susbus/nf_core/data/hebe_16S/00.RawData/M4.20.C4/M4.20.C4_R1.fastq.gz	/hdd0/susbus/nf_core/data/hebe_16S/00.RawData/M4.20.C4/M4.20.C4_R2.fastq.gz	17	14.4	Com4	M4	20	NA	pHSal	Two	Two	NA
M4.20.C5	/hdd0/susbus/nf_core/data/hebe_16S/00.RawData/M4.20.C5/M4.20.C5_R1.fastq.gz	/hdd0/susbus/nf_core/data/hebe_16S/00.RawData/M4.20.C5/M4.20.C5_R2.fastq.gz	21	11.7	Com5	M4	20	NA	pHSal	Two	Two	NA
M4.20.C6	/hdd0/susbus/nf_core/data/hebe_16S/00.RawData/M4.20.C6/M4.20.C6_R1.fastq.gz	/hdd0/susbus/nf_core/data/hebe_16S/00.RawData/M4.20.C6/M4.20.C6_R2.fastq.gz	25	16.4	Com6	M4	20	NA	pHSal	Two	Two	NA
M4.20.C7	/hdd0/susbus/nf_core/data/hebe_16S/00.RawData/M4.20.C7/M4.20.C7_R1.fastq.gz	/hdd0/susbus/nf_core/data/hebe_16S/00.RawData/M4.20.C7/M4.20.C7_R2.fastq.gz	30	24.8	Com7	M4	20	NA	pHSal	Four	Four	NA
M4.20.C8	/hdd0/susbus/nf_core/data/hebe_16S/00.RawData/M4.20.C8/M4.20.C8_R1.fastq.gz	/hdd0/susbus/nf_core/data/hebe_16S/00.RawData/M4.20.C8/M4.20.C8_R2.fastq.gz	34	24.8	Com8	M4	20	NA	pHSal	Four	Four	NA
M4.20.C9	/hdd0/susbus/nf_core/data/hebe_16S/00.RawData/M4.20.C9/M4.20.C9_R1.fastq.gz	/hdd0/susbus/nf_core/data/hebe_16S/00.RawData/M4.20.C9/M4.20.C9_R2.fastq.gz	38	17.8	Com9	M4	20	NA	pHSal	Four	Four	NA
M4.20.E.C13	/hdd0/susbus/nf_core/data/hebe_16S/00.RawData/M4.20.E.C13/M4.20.E.C13_R1.fastq.gz	/hdd0/susbus/nf_core/data/hebe_16S/00.RawData/M4.20.E.C13/M4.20.E.C13_R2.fastq.gz	140	25.8	Com13	M4	20	Evo	pHSal	Eight	Eight	Evo
M4.20.E.C14	/hdd0/susbus/nf_core/data/hebe_16S/00.RawData/M4.20.E.C14/M4.20.E.C14_R1.fastq.gz	/hdd0/susbus/nf_core/data/hebe_16S/00.RawData/M4.20.E.C14/M4.20.E.C14_R2.fastq.gz	143	22.8	Com14	M4	20	Evo	pHSal	Eight	Eight	Evo
M4.20.E.C15	/hdd0/susbus/nf_core/data/hebe_16S/00.RawData/M4.20.E.C15/M4.20.E.C15_R1.fastq.gz	/hdd0/susbus/nf_core/data/hebe_16S/00.RawData/M4.20.E.C15/M4.20.E.C15_R2.fastq.gz	146	14.8	Com15	M4	20	Evo	pHSal	Eight	Eight	Evo
M4.20.E.C16	/hdd0/susbus/nf_core/data/hebe_16S/00.RawData/M4.20.E.C16/M4.20.E.C16_R1.fastq.gz	/hdd0/susbus/nf_core/data/hebe_16S/00.RawData/M4.20.E.C16/M4.20.E.C16_R2.fastq.gz	149	32.6	Com16	M4	20	Evo	pHSal	Eight	Eight	Evo
M4.20.E.C17	/hdd0/susbus/nf_core/data/hebe_16S/00.RawData/M4.20.E.C17/M4.20.E.C17_R1.fastq.gz	/hdd0/susbus/nf_core/data/hebe_16S/00.RawData/M4.20.E.C17/M4.20.E.C17_R2.fastq.gz	152	23.2	Com17	M4	20	Evo	pHSal	Eight	Eight	Evo
M4.20.E.C18	/hdd0/susbus/nf_core/data/hebe_16S/00.RawData/M4.20.E.C18/M4.20.E.C18_R1.fastq.gz	/hdd0/susbus/nf_core/data/hebe_16S/00.RawData/M4.20.E.C18/M4.20.E.C18_R2.fastq.gz	155	24.2	Com18	M4	20	Evo	pHSal	Eight	Eight	Evo
M4.20.E.C19	/hdd0/susbus/nf_core/data/hebe_16S/00.RawData/M4.20.E.C19/M4.20.E.C19_R1.fastq.gz	/hdd0/susbus/nf_core/data/hebe_16S/00.RawData/M4.20.E.C19/M4.20.E.C19_R2.fastq.gz	158	15.8	Com19	M4	20	Evo	pHSal	Eight	Eight	Evo
M4.20.E.C20	/hdd0/susbus/nf_core/data/hebe_16S/00.RawData/M4.20.E.C20/M4.20.E.C20_R1.fastq.gz	/hdd0/susbus/nf_core/data/hebe_16S/00.RawData/M4.20.E.C20/M4.20.E.C20_R2.fastq.gz	161	32	Com20	M4	20	Evo	pHSal	Eight	Eight	Evo
M4.20.E.C21	/hdd0/susbus/nf_core/data/hebe_16S/00.RawData/M4.20.E.C21/M4.20.E.C21_R1.fastq.gz	/hdd0/susbus/nf_core/data/hebe_16S/00.RawData/M4.20.E.C21/M4.20.E.C21_R2.fastq.gz	164	25.4	Com21	M4	20	Evo	pHSal	Eight	Eight	Evo
M4.20.E.C22	/hdd0/susbus/nf_core/data/hebe_16S/00.RawData/M4.20.E.C22/M4.20.E.C22_R1.fastq.gz	/hdd0/susbus/nf_core/data/hebe_16S/00.RawData/M4.20.E.C22/M4.20.E.C22_R2.fastq.gz	167	23.8	Com22	M4	20	Evo	pHSal	Eight	Eight	Evo
M4.20.E.I20	/hdd0/susbus/nf_core/data/hebe_16S/00.RawData/M4.20.E.I20/M4.20.E.I20_R1.fastq.gz	/hdd0/susbus/nf_core/data/hebe_16S/00.RawData/M4.20.E.I20/M4.20.E.I20_R2.fastq.gz	170	24	I20	M4	20	Evo	pHSal	One	One	Evo
M4.38.C1	/hdd0/susbus/nf_core/data/hebe_16S/00.RawData/M4.38.C1/M4.38.C1_R1.fastq.gz	/hdd0/susbus/nf_core/data/hebe_16S/00.RawData/M4.38.C1/M4.38.C1_R2.fastq.gz	56	3.12	Com1	M4	38	NA	pHSalTemp	Two	Two	NA
M4.38.C11	/hdd0/susbus/nf_core/data/hebe_16S/00.RawData/M4.38.C11/M4.38.C11_R1.fastq.gz	/hdd0/susbus/nf_core/data/hebe_16S/00.RawData/M4.38.C11/M4.38.C11_R2.fastq.gz	99	22.2	Com11	M4	38	NA	pHSalTemp	Four	Four	NA
M4.38.C13	/hdd0/susbus/nf_core/data/hebe_16S/00.RawData/M4.38.C13/M4.38.C13_R1.fastq.gz	/hdd0/susbus/nf_core/data/hebe_16S/00.RawData/M4.38.C13/M4.38.C13_R2.fastq.gz	174	32.2	Com13	M4	38	Non_evo	pHSalTemp	Eight	Eight	Non_evo
M4.38.C14	/hdd0/susbus/nf_core/data/hebe_16S/00.RawData/M4.38.C14/M4.38.C14_R1.fastq.gz	/hdd0/susbus/nf_core/data/hebe_16S/00.RawData/M4.38.C14/M4.38.C14_R2.fastq.gz	177	14.1	Com14	M4	38	Non_evo	pHSalTemp	Eight	Eight	Non_evo
M4.38.C15	/hdd0/susbus/nf_core/data/hebe_16S/00.RawData/M4.38.C15/M4.38.C15_R1.fastq.gz	/hdd0/susbus/nf_core/data/hebe_16S/00.RawData/M4.38.C15/M4.38.C15_R2.fastq.gz	180	33.4	Com15	M4	38	Non_evo	pHSalTemp	Eight	Eight	Non_evo
M4.38.C16	/hdd0/susbus/nf_core/data/hebe_16S/00.RawData/M4.38.C16/M4.38.C16_R1.fastq.gz	/hdd0/susbus/nf_core/data/hebe_16S/00.RawData/M4.38.C16/M4.38.C16_R2.fastq.gz	183	4.6	Com16	M4	38	Non_evo	pHSalTemp	Eight	Eight	Non_evo
M4.38.C17	/hdd0/susbus/nf_core/data/hebe_16S/00.RawData/M4.38.C17/M4.38.C17_R1.fastq.gz	/hdd0/susbus/nf_core/data/hebe_16S/00.RawData/M4.38.C17/M4.38.C17_R2.fastq.gz	186	29.6	Com17	M4	38	Non_evo	pHSalTemp	Eight	Eight	Non_evo
M4.38.C18	/hdd0/susbus/nf_core/data/hebe_16S/00.RawData/M4.38.C18/M4.38.C18_R1.fastq.gz	/hdd0/susbus/nf_core/data/hebe_16S/00.RawData/M4.38.C18/M4.38.C18_R2.fastq.gz	189	25.6	Com18	M4	38	Non_evo	pHSalTemp	Eight	Eight	Non_evo
M4.38.C19	/hdd0/susbus/nf_core/data/hebe_16S/00.RawData/M4.38.C19/M4.38.C19_R1.fastq.gz	/hdd0/susbus/nf_core/data/hebe_16S/00.RawData/M4.38.C19/M4.38.C19_R2.fastq.gz	192	21.2	Com19	M4	38	Non_evo	pHSalTemp	Eight	Eight	Non_evo
M4.38.C2	/hdd0/susbus/nf_core/data/hebe_16S/00.RawData/M4.38.C2/M4.38.C2_R1.fastq.gz	/hdd0/susbus/nf_core/data/hebe_16S/00.RawData/M4.38.C2/M4.38.C2_R2.fastq.gz	60	32.4	Com2	M4	38	NA	pHSalTemp	Two	Two	NA
M4.38.C20	/hdd0/susbus/nf_core/data/hebe_16S/00.RawData/M4.38.C20/M4.38.C20_R1.fastq.gz	/hdd0/susbus/nf_core/data/hebe_16S/00.RawData/M4.38.C20/M4.38.C20_R2.fastq.gz	195	22.4	Com20	M4	38	Non_evo	pHSalTemp	Eight	Eight	Non_evo
M4.38.C21	/hdd0/susbus/nf_core/data/hebe_16S/00.RawData/M4.38.C21/M4.38.C21_R1.fastq.gz	/hdd0/susbus/nf_core/data/hebe_16S/00.RawData/M4.38.C21/M4.38.C21_R2.fastq.gz	207	2.4	Com21	M4	38	Non_evo	pHSalTemp	Eight	Eight	Non_evo
M4.38.C22	/hdd0/susbus/nf_core/data/hebe_16S/00.RawData/M4.38.C22/M4.38.C22_R1.fastq.gz	/hdd0/susbus/nf_core/data/hebe_16S/00.RawData/M4.38.C22/M4.38.C22_R2.fastq.gz	210	2.66	Com22	M4	38	Non_evo	pHSalTemp	Eight	Eight	Non_evo
M4.38.C4	/hdd0/susbus/nf_core/data/hebe_16S/00.RawData/M4.38.C4/M4.38.C4_R1.fastq.gz	/hdd0/susbus/nf_core/data/hebe_16S/00.RawData/M4.38.C4/M4.38.C4_R2.fastq.gz	69	<0.5	Com4	M4	38	NA	pHSalTemp	Two	Two	NA
M4.38.C5	/hdd0/susbus/nf_core/data/hebe_16S/00.RawData/M4.38.C5/M4.38.C5_R1.fastq.gz	/hdd0/susbus/nf_core/data/hebe_16S/00.RawData/M4.38.C5/M4.38.C5_R2.fastq.gz	73	5.96	Com5	M4	38	NA	pHSalTemp	Two	Two	NA
M4.38.C6	/hdd0/susbus/nf_core/data/hebe_16S/00.RawData/M4.38.C6/M4.38.C6_R1.fastq.gz	/hdd0/susbus/nf_core/data/hebe_16S/00.RawData/M4.38.C6/M4.38.C6_R2.fastq.gz	77	0.246	Com6	M4	38	NA	pHSalTemp	Two	Two	NA
M4.38.C7	/hdd0/susbus/nf_core/data/hebe_16S/00.RawData/M4.38.C7/M4.38.C7_R1.fastq.gz	/hdd0/susbus/nf_core/data/hebe_16S/00.RawData/M4.38.C7/M4.38.C7_R2.fastq.gz	82	3.54	Com7	M4	38	NA	pHSalTemp	Four	Four	NA
M4.38.C8	/hdd0/susbus/nf_core/data/hebe_16S/00.RawData/M4.38.C8/M4.38.C8_R1.fastq.gz	/hdd0/susbus/nf_core/data/hebe_16S/00.RawData/M4.38.C8/M4.38.C8_R2.fastq.gz	86	25.8	Com8	M4	38	NA	pHSalTemp	Four	Four	NA
M4.38.C9	/hdd0/susbus/nf_core/data/hebe_16S/00.RawData/M4.38.C9/M4.38.C9_R1.fastq.gz	/hdd0/susbus/nf_core/data/hebe_16S/00.RawData/M4.38.C9/M4.38.C9_R2.fastq.gz	90	0.818	Com9	M4	38	NA	pHSalTemp	Four	Four	NA
M4.38.E.C13	/hdd0/susbus/nf_core/data/hebe_16S/00.RawData/M4.38.E.C13/M4.38.E.C13_R1.fastq.gz	/hdd0/susbus/nf_core/data/hebe_16S/00.RawData/M4.38.E.C13/M4.38.E.C13_R2.fastq.gz	213	20.2	Com13	M4	38	Evo	pHSalTemp	Eight	Eight	Evo
M4.38.E.C14	/hdd0/susbus/nf_core/data/hebe_16S/00.RawData/M4.38.E.C14/M4.38.E.C14_R1.fastq.gz	/hdd0/susbus/nf_core/data/hebe_16S/00.RawData/M4.38.E.C14/M4.38.E.C14_R2.fastq.gz	216	33.4	Com14	M4	38	Evo	pHSalTemp	Eight	Eight	Evo
M4.38.E.C15	/hdd0/susbus/nf_core/data/hebe_16S/00.RawData/M4.38.E.C15/M4.38.E.C15_R1.fastq.gz	/hdd0/susbus/nf_core/data/hebe_16S/00.RawData/M4.38.E.C15/M4.38.E.C15_R2.fastq.gz	219	33.2	Com15	M4	38	Evo	pHSalTemp	Eight	Eight	Evo
M4.38.E.C16	/hdd0/susbus/nf_core/data/hebe_16S/00.RawData/M4.38.E.C16/M4.38.E.C16_R1.fastq.gz	/hdd0/susbus/nf_core/data/hebe_16S/00.RawData/M4.38.E.C16/M4.38.E.C16_R2.fastq.gz	222	6.3	Com16	M4	38	Evo	pHSalTemp	Eight	Eight	Evo
M4.38.E.C17	/hdd0/susbus/nf_core/data/hebe_16S/00.RawData/M4.38.E.C17/M4.38.E.C17_R1.fastq.gz	/hdd0/susbus/nf_core/data/hebe_16S/00.RawData/M4.38.E.C17/M4.38.E.C17_R2.fastq.gz	225	26.4	Com17	M4	38	Evo	pHSalTemp	Eight	Eight	Evo
M4.38.E.C18	/hdd0/susbus/nf_core/data/hebe_16S/00.RawData/M4.38.E.C18/M4.38.E.C18_R1.fastq.gz	/hdd0/susbus/nf_core/data/hebe_16S/00.RawData/M4.38.E.C18/M4.38.E.C18_R2.fastq.gz	228	17.2	Com18	M4	38	Evo	pHSalTemp	Eight	Eight	Evo
M4.38.E.C19	/hdd0/susbus/nf_core/data/hebe_16S/00.RawData/M4.38.E.C19/M4.38.E.C19_R1.fastq.gz	/hdd0/susbus/nf_core/data/hebe_16S/00.RawData/M4.38.E.C19/M4.38.E.C19_R2.fastq.gz	231	23.8	Com19	M4	38	Evo	pHSalTemp	Eight	Eight	Evo
M4.38.E.C20	/hdd0/susbus/nf_core/data/hebe_16S/00.RawData/M4.38.E.C20/M4.38.E.C20_R1.fastq.gz	/hdd0/susbus/nf_core/data/hebe_16S/00.RawData/M4.38.E.C20/M4.38.E.C20_R2.fastq.gz	234	14.2	Com20	M4	38	Evo	pHSalTemp	Eight	Eight	Evo
M4.38.E.C21	/hdd0/susbus/nf_core/data/hebe_16S/00.RawData/M4.38.E.C21/M4.38.E.C21_R1.fastq.gz	/hdd0/susbus/nf_core/data/hebe_16S/00.RawData/M4.38.E.C21/M4.38.E.C21_R2.fastq.gz	237	3.82	Com21	M4	38	Evo	pHSalTemp	Eight	Eight	Evo
M4.38.E.C22	/hdd0/susbus/nf_core/data/hebe_16S/00.RawData/M4.38.E.C22/M4.38.E.C22_R1.fastq.gz	/hdd0/susbus/nf_core/data/hebe_16S/00.RawData/M4.38.E.C22/M4.38.E.C22_R2.fastq.gz	240	2.62	Com22	M4	38	Evo	pHSalTemp	Eight	Eight	Evo
M4.38.E.I20	/hdd0/susbus/nf_core/data/hebe_16S/00.RawData/M4.38.E.I20/M4.38.E.I20_R1.fastq.gz	/hdd0/susbus/nf_core/data/hebe_16S/00.RawData/M4.38.E.I20/M4.38.E.I20_R2.fastq.gz	243	8.18	I20	M4	38	Evo	pHSalTemp	One	One	Evo
Mix1	/hdd0/susbus/nf_core/data/hebe_16S/00.RawData/Mix1/Mix1_R1.fastq.gz	/hdd0/susbus/nf_core/data/hebe_16S/00.RawData/Mix1/Mix1_R2.fastq.gz	Mix1	16.1	Mix1	NA	NA	Non_evo	NA	NA	NA	Non_evo
